,Unnamed: 0.5,Unnamed: 0.4,Unnamed: 0.3,Unnamed: 0.2,Unnamed: 0.1,Unnamed: 0,membrane,solvent,solute_smiles,secondary_solute_smiles,secondary_solute_ratio,pressure,temperature,permeance,process_configuration,scaffold_smarts,scaffold_basis,dummy_places,type,name,fragment_smiles,membrane_family,mwco,contact_angle,zeta_potential,contact_angle_missing,zeta_potential_missing,solvent_smiles,solvent_mw,solvent_logp,solvent_viscosity,solvent_density,solvent_dielectric_constant,solvent_dd,solvent_dp,solvent_dh,solvent_molar_volume,solute_mw,solute_logp,secondary_solute_mw,secondary_solute_logp,membrane_SM122,membrane_DM500,membrane_PMPerformance,membrane_DM300,membrane_SS150101,membrane_SS336,membrane_GMT-oNF-2,membrane_DM150,process_configuration_CF,process_configuration_DE,rejection_mcmpnn_combi_v42d_fold3,rejection_mcmpnn_combi_v42d_fold2,rejection_mcmpnn_combi_v42d_fold4,rejection_mcmpnn_combi_v42d_fold0,rejection_mcmpnn_combi_v42d_fold1,mcmpnn_rejection_mean_predicted,mcmpnn_rejection_ci_lower,mcmpnn_rejection_ci_upper
0,0,0,0,0,0,0,DM300,Ethanol,OC1=C2C=C(C(F)(F)F)C=C1CC1=C(O)C(=CC(C(F)(F)F)=C1)CC1=C(O)C(=CC(C(F)(F)F)=C1)CC1=CC(C(F)(F)F)=CC(=C1O)C2,OC1=C2C=C(C(F)(F)F)C=C1CC1=C(O)C(=CC(C(F)(F)F)=C1)CC1=C(O)C(=CC(C(F)(F)F)=C1)CC1=CC(C(F)(F)F)=CC(=C1O)C2,0.5,30,25,0.078,CF,Oc1c(Cc2cc([*])cc(C3)c2O)cc([*])cc1Cc4c(O)c(Cc5cc([*])cc3c5O)cc([*])c4,Oc1c(Cc2cccc(C3)c2O)cccc1Cc4c(O)c(Cc5c(O)c3ccc5)ccc4,4,organocatalyst,calix-arene,[*]C(F)(F)F,DM,300,59.0,-37.5,0,0,C(C)O,46.069,-0.31,1.2,789.0,24.6,15.8,8.8,19.4,58.5,696.484,9.260799999999993,696.484,9.260799999999993,0,0,0,1,0,0,0,0,1,0,0.8769311,0.9434395,0.9192381,0.91917825,1.0,0.9317573899999999,0.8758328139746275,0.9876819660253723
1,1,1,1,1,1,1,DM300,Ethanol,OC1=C2C=C(C3=CC=CC=C3)C=C1CC1=C(O)C(=CC(C3=CC=CC=C3)=C1)CC1=C(O)C(=CC(C3=CC=CC=C3)=C1)CC1=CC(C3=CC=CC=C3)=CC(=C1O)C2,OC1=C2C=C(C3=CC=CC=C3)C=C1CC1=C(O)C(=CC(C3=CC=CC=C3)=C1)CC1=C(O)C(=CC(C3=CC=CC=C3)=C1)CC1=CC(C3=CC=CC=C3)=CC(=C1O)C2,0.5,30,25,0.078,CF,Oc1c(Cc2cc([*])cc(C3)c2O)cc([*])cc1Cc4c(O)c(Cc5cc([*])cc3c5O)cc([*])c4,Oc1c(Cc2cccc(C3)c2O)cccc1Cc4c(O)c(Cc5c(O)c3ccc5)ccc4,4,organocatalyst,calix-arene,[*]c1ccccc1,DM,300,59.0,-37.5,0,0,C(C)O,46.069,-0.31,1.2,789.0,24.6,15.8,8.8,19.4,58.5,728.888,11.85359999999998,728.888,11.85359999999998,0,0,0,1,0,0,0,0,1,0,0.8846961,0.9561592,0.92293406,0.94475275,1.0,0.9417084219999999,0.8889600475862152,0.9944567964137847
2,2,2,2,2,2,2,DM300,Ethanol,CC(C)(C)C1=CC2=C(O)C(=C1)CC1=C(O)C(=CC(C(C)(C)C)=C1)CC1=CC(C(C)(C)C)=CC(=C1O)CC1=C(O)C(=CC(C(C)(C)C)=C1)C2,CC(C)(C)C1=CC2=C(O)C(=C1)CC1=C(O)C(=CC(C(C)(C)C)=C1)CC1=CC(C(C)(C)C)=CC(=C1O)CC1=C(O)C(=CC(C(C)(C)C)=C1)C2,0.5,30,25,0.078,CF,Oc1c(Cc2cc([*])cc(C3)c2O)cc([*])cc1Cc4c(O)c(Cc5cc([*])cc3c5O)cc([*])c4,Oc1c(Cc2cccc(C3)c2O)cccc1Cc4c(O)c(Cc5c(O)c3ccc5)ccc4,4,organocatalyst,calix-arene,[*]C(C)(C)C,DM,300,59.0,-37.5,0,0,C(C)O,46.069,-0.31,1.2,789.0,24.6,15.8,8.8,19.4,58.5,648.9280000000001,10.375599999999991,648.9280000000001,10.375599999999991,0,0,0,1,0,0,0,0,1,0,0.88690907,0.955581,0.9529006,0.94507694,1.0,0.948093522,0.8979400950591565,0.9982469489408434
3,3,3,3,3,3,3,DM300,Ethanol,CC(C)C1=CC2=C(O)C(=C1)CC1=C(O)C(=CC(C(C)C)=C1)CC1=CC(C(C)C)=CC(=C1O)CC1=C(O)C(=CC(C(C)C)=C1)C2,CC(C)C1=CC2=C(O)C(=C1)CC1=C(O)C(=CC(C(C)C)=C1)CC1=CC(C(C)C)=CC(=C1O)CC1=C(O)C(=CC(C(C)C)=C1)C2,0.5,30,25,0.078,CF,Oc1c(Cc2cc([*])cc(C3)c2O)cc([*])cc1Cc4c(O)c(Cc5cc([*])cc3c5O)cc([*])c4,Oc1c(Cc2cccc(C3)c2O)cccc1Cc4c(O)c(Cc5c(O)c3ccc5)ccc4,4,organocatalyst,calix-arene,[*]C(C)C,DM,300,59.0,-37.5,0,0,C(C)O,46.069,-0.31,1.2,789.0,24.6,15.8,8.8,19.4,58.5,592.8200000000002,9.679199999999996,592.8200000000002,9.679199999999996,0,0,0,1,0,0,0,0,1,0,0.8769369,0.9465865,0.9292604,0.93058276,1.0,0.9366733119999999,0.8819518902081649,0.991394733791835
4,4,4,4,4,4,4,DM300,Ethanol,COC1=CC2=C(O)C(=C1)CC1=C(O)C(=CC(OC)=C1)CC1=CC(OC)=CC(=C1O)CC1=C(O)C(=CC(OC)=C1)C2,COC1=CC2=C(O)C(=C1)CC1=C(O)C(=CC(OC)=C1)CC1=CC(OC)=CC(=C1O)CC1=C(O)C(=CC(OC)=C1)C2,0.5,30,25,0.078,CF,Oc1c(Cc2cc([*])cc(C3)c2O)cc([*])cc1Cc4c(O)c(Cc5cc([*])cc3c5O)cc([*])c4,Oc1c(Cc2cccc(C3)c2O)cccc1Cc4c(O)c(Cc5c(O)c3ccc5)ccc4,4,organocatalyst,calix-arene,[*]OC,DM,300,59.0,-37.5,0,0,C(C)O,46.069,-0.31,1.2,789.0,24.6,15.8,8.8,19.4,58.5,544.6000000000003,5.220000000000006,544.6000000000003,5.220000000000006,0,0,0,1,0,0,0,0,1,0,0.84414434,0.90958524,0.86904716,0.9037777,1.0,0.905310888,0.8317401920019488,0.9788815839980513
5,5,5,5,5,5,5,DM300,Ethanol,CCCCCCCCC1=CC2=C(O)C(=C1)CC1=C(O)C(=CC(CCCCCCCC)=C1)CC1=CC(CCCCCCCC)=CC(=C1O)CC1=C(O)C(=CC(CCCCCCCC)=C1)C2,CCCCCCCCC1=CC2=C(O)C(=C1)CC1=C(O)C(=CC(CCCCCCCC)=C1)CC1=CC(CCCCCCCC)=CC(=C1O)CC1=C(O)C(=CC(CCCCCCCC)=C1)C2,0.5,30,25,0.078,CF,Oc1c(Cc2cc([*])cc(C3)c2O)cc([*])cc1Cc4c(O)c(Cc5cc([*])cc3c5O)cc([*])c4,Oc1c(Cc2cccc(C3)c2O)cccc1Cc4c(O)c(Cc5c(O)c3ccc5)ccc4,4,organocatalyst,calix-arene,[*]CCCCCCCC,DM,300,59.0,-37.5,0,0,C(C)O,46.069,-0.31,1.2,789.0,24.6,15.8,8.8,19.4,58.5,873.3599999999994,16.79759999999996,873.3599999999994,16.79759999999996,0,0,0,1,0,0,0,0,1,0,0.8956287,0.94051325,0.9420661,0.9625658,1.0,0.94815477,0.901077613643867,0.9952319263561331
6,6,6,6,6,6,6,DM300,Ethanol,OC1=C2C=C(C3CCCCC3)C=C1CC1=C(O)C(=CC(C3CCCCC3)=C1)CC1=C(O)C(=CC(C3CCCCC3)=C1)CC1=CC(C3CCCCC3)=CC(=C1O)C2,OC1=C2C=C(C3CCCCC3)C=C1CC1=C(O)C(=CC(C3CCCCC3)=C1)CC1=C(O)C(=CC(C3CCCCC3)=C1)CC1=CC(C3CCCCC3)=CC(=C1O)C2,0.5,30,25,0.078,CF,Oc1c(Cc2cc([*])cc(C3)c2O)cc([*])cc1Cc4c(O)c(Cc5cc([*])cc3c5O)cc([*])c4,Oc1c(Cc2cccc(C3)c2O)cccc1Cc4c(O)c(Cc5c(O)c3ccc5)ccc4,4,organocatalyst,calix-arene,[*]C1CCCCC1,DM,300,59.0,-37.5,0,0,C(C)O,46.069,-0.31,1.2,789.0,24.6,15.8,8.8,19.4,58.5,753.0799999999998,13.37639999999997,753.0799999999998,13.37639999999997,0,0,0,1,0,0,0,0,1,0,0.8921731,0.9478116,0.9124095,0.9504683,1.0,0.9405725,0.8893111132279776,0.9918338867720224
7,7,7,7,7,7,7,DM300,Ethanol,OC1=C2C=C(C3CCCCCCC3)C=C1CC1=C(O)C(=CC(C3CCCCCCC3)=C1)CC1=C(O)C(=CC(C3CCCCCCC3)=C1)CC1=CC(C3CCCCCCC3)=CC(=C1O)C2,OC1=C2C=C(C3CCCCCCC3)C=C1CC1=C(O)C(=CC(C3CCCCCCC3)=C1)CC1=C(O)C(=CC(C3CCCCCCC3)=C1)CC1=CC(C3CCCCCCC3)=CC(=C1O)C2,0.5,30,25,0.078,CF,Oc1c(Cc2cc([*])cc(C3)c2O)cc([*])cc1Cc4c(O)c(Cc5cc([*])cc3c5O)cc([*])c4,Oc1c(Cc2cccc(C3)c2O)cccc1Cc4c(O)c(Cc5c(O)c3ccc5)ccc4,4,organocatalyst,calix-arene,[*]C1CCCCCCC1,DM,300,59.0,-37.5,0,0,C(C)O,46.069,-0.31,1.2,789.0,24.6,15.8,8.8,19.4,58.5,865.2959999999993,16.497199999999957,865.2959999999993,16.497199999999957,0,0,0,1,0,0,0,0,1,0,0.8987457,0.946573,0.92256546,0.9633465,1.0,0.946246132,0.8981604071065112,0.9943318568934887
8,8,8,8,8,8,8,DM300,Ethanol,CCCCCCC1=CC2=C(O)C(=C1)CC1=C(O)C(=CC(CCCCCC)=C1)CC1=CC(CCCCCC)=CC(=C1O)CC1=C(O)C(=CC(CCCCCC)=C1)C2,CCCCCCC1=CC2=C(O)C(=C1)CC1=C(O)C(=CC(CCCCCC)=C1)CC1=CC(CCCCCC)=CC(=C1O)CC1=C(O)C(=CC(CCCCCC)=C1)C2,0.5,30,25,0.078,CF,Oc1c(Cc2cc([*])cc(C3)c2O)cc([*])cc1Cc4c(O)c(Cc5cc([*])cc3c5O)cc([*])c4,Oc1c(Cc2cccc(C3)c2O)cccc1Cc4c(O)c(Cc5c(O)c3ccc5)ccc4,4,organocatalyst,calix-arene,[*]CCCCCC,DM,300,59.0,-37.5,0,0,C(C)O,46.069,-0.31,1.2,789.0,24.6,15.8,8.8,19.4,58.5,761.144,13.676799999999972,761.144,13.676799999999972,0,0,0,1,0,0,0,0,1,0,0.8939738,0.9372821,0.9321994,0.9470655,1.0,0.9421041599999999,0.8947642188149423,0.9894441011850574
9,9,9,9,9,9,9,DM300,Ethanol,OC1=C2C=C(C3=CC=NC=C3)C=C1CC1=C(O)C(=CC(C3=CC=NC=C3)=C1)CC1=C(O)C(=CC(C3=CC=NC=C3)=C1)CC1=CC(C3=CC=NC=C3)=CC(=C1O)C2,OC1=C2C=C(C3=CC=NC=C3)C=C1CC1=C(O)C(=CC(C3=CC=NC=C3)=C1)CC1=C(O)C(=CC(C3=CC=NC=C3)=C1)CC1=CC(C3=CC=NC=C3)=CC(=C1O)C2,0.5,30,25,0.078,CF,Oc1c(Cc2cc([*])cc(C3)c2O)cc([*])cc1Cc4c(O)c(Cc5cc([*])cc3c5O)cc([*])c4,Oc1c(Cc2cccc(C3)c2O)cccc1Cc4c(O)c(Cc5c(O)c3ccc5)ccc4,4,organocatalyst,calix-arene,[*]c1ccncc1,DM,300,59.0,-37.5,0,0,C(C)O,46.069,-0.31,1.2,789.0,24.6,15.8,8.8,19.4,58.5,732.84,9.433599999999998,732.84,9.433599999999998,0,0,0,1,0,0,0,0,1,0,0.8686621,0.94458985,0.8994244,0.9350198,1.0,0.9295392299999999,0.8679728326446874,0.9911056273553125
10,10,10,10,10,10,10,DM300,Ethanol,OC1=C2C=C(N3CCCCC3)C=C1CC1=C(O)C(=CC(N3CCCCC3)=C1)CC1=C(O)C(=CC(N3CCCCC3)=C1)CC1=CC(N3CCCCC3)=CC(=C1O)C2,OC1=C2C=C(N3CCCCC3)C=C1CC1=C(O)C(=CC(N3CCCCC3)=C1)CC1=C(O)C(=CC(N3CCCCC3)=C1)CC1=CC(N3CCCCC3)=CC(=C1O)C2,0.5,30,25,0.078,CF,Oc1c(Cc2cc([*])cc(C3)c2O)cc([*])cc1Cc4c(O)c(Cc5cc([*])cc3c5O)cc([*])c4,Oc1c(Cc2cccc(C3)c2O)cccc1Cc4c(O)c(Cc5c(O)c3ccc5)ccc4,4,organocatalyst,calix-arene,[*]N1CCCCC1,DM,300,59.0,-37.5,0,0,C(C)O,46.069,-0.31,1.2,789.0,24.6,15.8,8.8,19.4,58.5,757.0319999999997,9.146800000000002,757.0319999999997,9.146800000000002,0,0,0,1,0,0,0,0,1,0,0.869962,0.96707606,0.89420545,0.9445542,1.0,0.9351595420000001,0.8693420797110004,1.0009770042889998
11,11,11,11,11,11,11,DM300,Ethanol,OC1=CC2=C(O)C(=C1)CC1=C(O)C(=CC(O)=C1)CC1=CC(O)=CC(=C1O)CC1=C(O)C(=CC(O)=C1)C2,OC1=CC2=C(O)C(=C1)CC1=C(O)C(=CC(O)=C1)CC1=CC(O)=CC(=C1O)CC1=C(O)C(=CC(O)=C1)C2,0.5,30,25,0.078,CF,Oc1c(Cc2cc([*])cc(C3)c2O)cc([*])cc1Cc4c(O)c(Cc5cc([*])cc3c5O)cc([*])c4,Oc1c(Cc2cccc(C3)c2O)cccc1Cc4c(O)c(Cc5c(O)c3ccc5)ccc4,4,organocatalyst,calix-arene,[*]O,DM,300,59.0,-37.5,0,0,C(C)O,46.069,-0.31,1.2,789.0,24.6,15.8,8.8,19.4,58.5,488.4920000000003,4.008000000000001,488.4920000000003,4.008000000000001,0,0,0,1,0,0,0,0,1,0,0.8850352,0.93860775,0.91240644,0.9332081,1.0,0.9338514979999999,0.8810202572879451,0.9866827387120547
12,12,12,12,12,12,12,DM300,Ethanol,NC1=CC2=C(O)C(=C1)CC1=C(O)C(=CC(N)=C1)CC1=CC(N)=CC(=C1O)CC1=C(O)C(=CC(N)=C1)C2,NC1=CC2=C(O)C(=C1)CC1=C(O)C(=CC(N)=C1)CC1=CC(N)=CC(=C1O)CC1=C(O)C(=CC(N)=C1)C2,0.5,30,25,0.078,CF,Oc1c(Cc2cc([*])cc(C3)c2O)cc([*])cc1Cc4c(O)c(Cc5cc([*])cc3c5O)cc([*])c4,Oc1c(Cc2cccc(C3)c2O)cccc1Cc4c(O)c(Cc5c(O)c3ccc5)ccc4,4,organocatalyst,calix-arene,[*]N,DM,300,59.0,-37.5,0,0,C(C)O,46.069,-0.31,1.2,789.0,24.6,15.8,8.8,19.4,58.5,484.55600000000027,3.514400000000001,484.55600000000027,3.514400000000001,0,0,0,1,0,0,0,0,1,0,0.8738109,0.9575022,0.88392985,0.929039,0.9992256,0.92870151,0.8641208909845383,0.9932821290154618
13,13,13,13,13,13,13,DM300,Ethanol,OC1=C2C=C(C34CC5CC(CC(C5)C3)C4)C=C1CC1=C(O)C(=CC(C34CC5CC(CC(C5)C3)C4)=C1)CC1=C(O)C(=CC(C34CC5CC(CC(C5)C3)C4)=C1)CC1=CC(C34CC5CC(CC(C5)C3)C4)=CC(=C1O)C2,OC1=C2C=C(C34CC5CC(CC(C5)C3)C4)C=C1CC1=C(O)C(=CC(C34CC5CC(CC(C5)C3)C4)=C1)CC1=C(O)C(=CC(C34CC5CC(CC(C5)C3)C4)=C1)CC1=CC(C34CC5CC(CC(C5)C3)C4)=CC(=C1O)C2,0.5,30,25,0.078,CF,Oc1c(Cc2cc([*])cc(C3)c2O)cc([*])cc1Cc4c(O)c(Cc5cc([*])cc3c5O)cc([*])c4,Oc1c(Cc2cccc(C3)c2O)cccc1Cc4c(O)c(Cc5c(O)c3ccc5)ccc4,4,organocatalyst,calix-arene,[*]C12CC3CC(CC(C2)C3)C1,DM,300,59.0,-37.5,0,0,C(C)O,46.069,-0.31,1.2,789.0,24.6,15.8,8.8,19.4,58.5,961.3839999999992,15.056799999999962,961.3839999999992,15.056799999999962,0,0,0,1,0,0,0,0,1,0,0.8856708,0.9500985,0.9079691,0.98481333,1.0,0.9457103459999999,0.8851201500594188,1.006300541940581
14,14,14,14,14,14,14,DM300,Ethanol,OC1=C2C=C(C3CCCCCCCCC3)C=C1CC1=C(O)C(=CC(C3CCCCCCCCC3)=C1)CC1=C(O)C(=CC(C3CCCCCCCCC3)=C1)CC1=CC(C3CCCCCCCCC3)=CC(=C1O)C2,OC1=C2C=C(C3CCCCCCCCC3)C=C1CC1=C(O)C(=CC(C3CCCCCCCCC3)=C1)CC1=C(O)C(=CC(C3CCCCCCCCC3)=C1)CC1=CC(C3CCCCCCCCC3)=CC(=C1O)C2,0.5,30,25,0.078,CF,Oc1c(Cc2cc([*])cc(C3)c2O)cc([*])cc1Cc4c(O)c(Cc5cc([*])cc3c5O)cc([*])c4,Oc1c(Cc2cccc(C3)c2O)cccc1Cc4c(O)c(Cc5c(O)c3ccc5)ccc4,4,organocatalyst,calix-arene,[*]C1CCCCCCCCC1,DM,300,59.0,-37.5,0,0,C(C)O,46.069,-0.31,1.2,789.0,24.6,15.8,8.8,19.4,58.5,977.511999999999,19.61799999999999,977.511999999999,19.61799999999999,0,0,0,1,0,0,0,0,1,0,0.8980019,0.9528728,0.9373381,0.97584677,1.0,0.952811914,0.9047188663076255,1.0009049616923744
15,15,15,15,15,15,15,DM300,Ethanol,CCCCCCCCCCC1=CC2=C(O)C(=C1)CC1=C(O)C(=CC(CCCCCCCCCC)=C1)CC1=CC(CCCCCCCCCC)=CC(=C1O)CC1=C(O)C(=CC(CCCCCCCCCC)=C1)C2,CCCCCCCCCCC1=CC2=C(O)C(=C1)CC1=C(O)C(=CC(CCCCCCCCCC)=C1)CC1=CC(CCCCCCCCCC)=CC(=C1O)CC1=C(O)C(=CC(CCCCCCCCCC)=C1)C2,0.5,30,25,0.078,CF,Oc1c(Cc2cc([*])cc(C3)c2O)cc([*])cc1Cc4c(O)c(Cc5cc([*])cc3c5O)cc([*])c4,Oc1c(Cc2cccc(C3)c2O)cccc1Cc4c(O)c(Cc5c(O)c3ccc5)ccc4,4,organocatalyst,calix-arene,[*]CCCCCCCCCC,DM,300,59.0,-37.5,0,0,C(C)O,46.069,-0.31,1.2,789.0,24.6,15.8,8.8,19.4,58.5,985.575999999999,19.918399999999995,985.575999999999,19.918399999999995,0,0,0,1,0,0,0,0,1,0,0.8930576,0.94987744,0.95148134,0.97859716,1.0,0.954602708,0.904717324084654,1.004488091915346
16,16,16,16,16,16,16,DM300,Ethanol,COC1=CC=C2C(=C1)C1(CC2(C)C)CC(C)(C)C2=C1C=C(OC1=CC3=C(O)C(=C1)CC1=C(O)C(=CC(OC4=CC5=C(C=C4)C(C)(C)CC54CC(C)(C)C5=CC=C(OC)C=C54)=C1)CC1=CC(OC4=CC5=C(C=C4)C(C)(C)CC54CC(C)(C)C5=CC=C(OC)C=C54)=CC(=C1O)CC1=C(O)C(=CC(OC4=CC5=C(C=C4)C(C)(C)CC54CC(C)(C)C5=CC=C(OC)C=C54)=C1)C3)C=C2,COC1=CC=C2C(=C1)C1(CC2(C)C)CC(C)(C)C2=C1C=C(OC1=CC3=C(O)C(=C1)CC1=C(O)C(=CC(OC4=CC5=C(C=C4)C(C)(C)CC54CC(C)(C)C5=CC=C(OC)C=C54)=C1)CC1=CC(OC4=CC5=C(C=C4)C(C)(C)CC54CC(C)(C)C5=CC=C(OC)C=C54)=CC(=C1O)CC1=C(O)C(=CC(OC4=CC5=C(C=C4)C(C)(C)CC54CC(C)(C)C5=CC=C(OC)C=C54)=C1)C3)C=C2,0.5,30,25,0.078,CF,Oc1c(Cc2cc([*])cc(C3)c2O)cc([*])cc1Cc4c(O)c(Cc5cc([*])cc3c5O)cc([*])c4,Oc1c(Cc2cccc(C3)c2O)cccc1Cc4c(O)c(Cc5c(O)c3ccc5)ccc4,4,organocatalyst,calix-arene,CC1(C)CC2(CC(C)(C)C3=C2C=C(O[*])C=C3)C4=CC(OC)=CC=C41,DM,300,59.0,-37.5,0,0,C(C)O,46.069,-0.31,1.2,789.0,24.6,15.8,8.8,19.4,58.5,1706.223999999998,26.98400000000007,1706.223999999998,26.98400000000007,0,0,0,1,0,0,0,0,1,0,0.87626374,0.9730877,0.98017055,1.0,1.0,0.9659043979999999,0.9019388426550906,1.0298699533449092
17,17,17,17,17,17,17,DM300,Ethanol,OC1=C2C=C(C3CCC4(CCCC4)CC3)C=C1CC1=C(O)C(=CC(C3CCC4(CCCC4)CC3)=C1)CC1=C(O)C(=CC(C3CCC4(CCCC4)CC3)=C1)CC1=CC(C3CCC4(CCCC4)CC3)=CC(=C1O)C2,OC1=C2C=C(C3CCC4(CCCC4)CC3)C=C1CC1=C(O)C(=CC(C3CCC4(CCCC4)CC3)=C1)CC1=C(O)C(=CC(C3CCC4(CCCC4)CC3)=C1)CC1=CC(C3CCC4(CCCC4)CC3)=CC(=C1O)C2,0.5,30,25,0.078,CF,Oc1c(Cc2cc([*])cc(C3)c2O)cc([*])cc1Cc4c(O)c(Cc5cc([*])cc3c5O)cc([*])c4,Oc1c(Cc2cccc(C3)c2O)cccc1Cc4c(O)c(Cc5c(O)c3ccc5)ccc4,4,organocatalyst,calix-arene,[*]C1CCC2(CCCC2)CC1,DM,300,59.0,-37.5,0,0,C(C)O,46.069,-0.31,1.2,789.0,24.6,15.8,8.8,19.4,58.5,969.4479999999992,18.05759999999997,969.4479999999992,18.05759999999997,0,0,0,1,0,0,0,0,1,0,0.90165776,0.9665175,0.90214837,0.9851588,1.0,0.951096486,0.8934235380651223,1.0087694339348776
18,18,18,18,18,18,18,DM300,Ethanol,C[N+]1=C2C=CC=CC2=C(C(F)(F)F)C2=C1C=CC=C2.[O-][Cl+3]([O-])([O-])[O-],C[N+]1=C2C=CC=CC2=C(C(F)(F)F)C2=C1C=CC=C2.[O-][Cl+3]([O-])([O-])[O-],0.5,30,25,0.078,CF,C[n+](c(cccc1)c1c2[*])c3c2cccc3.O=Cl(=O)([O-])=O,C[n+]1c2ccccc2cc3ccccc13.O=Cl(=O)([O-])=O,1,organocatalyst,acridinium,[*]C(F)(F)F,DM,300,59.0,-37.5,0,0,C(C)O,46.069,-0.31,1.2,789.0,24.6,15.8,8.8,19.4,58.5,361.7030000000001,-0.9196999999999992,361.7030000000001,-0.9196999999999992,0,0,0,1,0,0,0,0,1,0,0.81298923,0.6539167,0.63725895,0.39861077,0.63006467,0.626568064,0.44282712206036484,0.8103090059396352
19,19,19,19,19,19,19,DM300,Ethanol,C[N+]1=C2C=CC=CC2=C(C2=CC=CC=C2)C2=C1C=CC=C2.[O-][Cl+3]([O-])([O-])[O-],C[N+]1=C2C=CC=CC2=C(C2=CC=CC=C2)C2=C1C=CC=C2.[O-][Cl+3]([O-])([O-])[O-],0.5,30,25,0.078,CF,C[n+](c(cccc1)c1c2[*])c3c2cccc3.O=Cl(=O)([O-])=O,C[n+]1c2ccccc2cc3ccccc13.O=Cl(=O)([O-])=O,1,organocatalyst,acridinium,[*]c1ccccc1,DM,300,59.0,-37.5,0,0,C(C)O,46.069,-0.31,1.2,789.0,24.6,15.8,8.8,19.4,58.5,369.8040000000001,-0.2714999999999994,369.8040000000001,-0.2714999999999994,0,0,0,1,0,0,0,0,1,0,0.83339894,0.6239878,0.6515874,0.45272654,0.65050554,0.642441244,0.4747640427169474,0.8101184452830527
20,20,20,20,20,20,20,DM300,Ethanol,C[N+]1=C2C=CC=CC2=C(C(C)(C)C)C2=C1C=CC=C2.[O-][Cl+3]([O-])([O-])[O-],C[N+]1=C2C=CC=CC2=C(C(C)(C)C)C2=C1C=CC=C2.[O-][Cl+3]([O-])([O-])[O-],0.5,30,25,0.078,CF,C[n+](c(cccc1)c1c2[*])c3c2cccc3.O=Cl(=O)([O-])=O,C[n+]1c2ccccc2cc3ccccc13.O=Cl(=O)([O-])=O,1,organocatalyst,acridinium,[*]C(C)(C)C,DM,300,59.0,-37.5,0,0,C(C)O,46.069,-0.31,1.2,789.0,24.6,15.8,8.8,19.4,58.5,349.8140000000001,-0.6409999999999991,349.8140000000001,-0.6409999999999991,0,0,0,1,0,0,0,0,1,0,0.85311925,0.59909,0.6383074,0.45091757,0.6347688,0.635240604,0.45663663663029574,0.8138445713697043
21,21,21,21,21,21,21,DM300,Ethanol,CC(C)C1=C2C=CC=CC2=[N+](C)C2=C1C=CC=C2.[O-][Cl+3]([O-])([O-])[O-],CC(C)C1=C2C=CC=CC2=[N+](C)C2=C1C=CC=C2.[O-][Cl+3]([O-])([O-])[O-],0.5,30,25,0.078,CF,C[n+](c(cccc1)c1c2[*])c3c2cccc3.O=Cl(=O)([O-])=O,C[n+]1c2ccccc2cc3ccccc13.O=Cl(=O)([O-])=O,1,organocatalyst,acridinium,[*]C(C)C,DM,300,59.0,-37.5,0,0,C(C)O,46.069,-0.31,1.2,789.0,24.6,15.8,8.8,19.4,58.5,335.78700000000003,-0.8150999999999997,335.78700000000003,-0.8150999999999997,0,0,0,1,0,0,0,0,1,0,0.7923726,0.55554926,0.6435129,0.41070855,0.6399945,0.6084275619999999,0.4350918103560941,0.7817633136439057
22,22,22,22,22,22,22,DM300,Ethanol,COC1=C2C=CC=CC2=[N+](C)C2=C1C=CC=C2.[O-][Cl+3]([O-])([O-])[O-],COC1=C2C=CC=CC2=[N+](C)C2=C1C=CC=C2.[O-][Cl+3]([O-])([O-])[O-],0.5,30,25,0.078,CF,C[n+](c(cccc1)c1c2[*])c3c2cccc3.O=Cl(=O)([O-])=O,C[n+]1c2ccccc2cc3ccccc13.O=Cl(=O)([O-])=O,1,organocatalyst,acridinium,[*]OC,DM,300,59.0,-37.5,0,0,C(C)O,46.069,-0.31,1.2,789.0,24.6,15.8,8.8,19.4,58.5,323.732,-1.9298999999999973,323.732,-1.9298999999999973,0,0,0,1,0,0,0,0,1,0,0.78368855,0.48216003,0.6204972,0.33369645,0.5948989,0.5629882260000001,0.3550863164491269,0.7708901355508733
23,23,23,23,23,23,23,DM300,Ethanol,CCCCCCCCC1=C2C=CC=CC2=[N+](C)C2=C1C=CC=C2.[O-][Cl+3]([O-])([O-])[O-],CCCCCCCCC1=C2C=CC=CC2=[N+](C)C2=C1C=CC=C2.[O-][Cl+3]([O-])([O-])[O-],0.5,30,25,0.078,CF,C[n+](c(cccc1)c1c2[*])c3c2cccc3.O=Cl(=O)([O-])=O,C[n+]1c2ccccc2cc3ccccc13.O=Cl(=O)([O-])=O,1,organocatalyst,acridinium,[*]CCCCCCCC,DM,300,59.0,-37.5,0,0,C(C)O,46.069,-0.31,1.2,789.0,24.6,15.8,8.8,19.4,58.5,405.92200000000014,0.9645,405.92200000000014,0.9645,0,0,0,1,0,0,0,0,1,0,0.8200286,0.73864734,0.68666476,0.51562387,0.749844,0.7021617139999999,0.559865276847505,0.8444581511524949
24,24,24,24,24,24,24,DM300,Ethanol,C[N+]1=C2C=CC=CC2=C(C2CCCCC2)C2=C1C=CC=C2.[O-][Cl+3]([O-])([O-])[O-],C[N+]1=C2C=CC=CC2=C(C2CCCCC2)C2=C1C=CC=C2.[O-][Cl+3]([O-])([O-])[O-],0.5,30,25,0.078,CF,C[n+](c(cccc1)c1c2[*])c3c2cccc3.O=Cl(=O)([O-])=O,C[n+]1c2ccccc2cc3ccccc13.O=Cl(=O)([O-])=O,1,organocatalyst,acridinium,[*]C1CCCCC1,DM,300,59.0,-37.5,0,0,C(C)O,46.069,-0.31,1.2,789.0,24.6,15.8,8.8,19.4,58.5,375.852,0.1092000000000008,375.852,0.1092000000000008,0,0,0,1,0,0,0,0,1,0,0.8156851,0.66366625,0.670109,0.4842765,0.6676954,0.66028645,0.5143037214574392,0.8062691785425607
25,25,25,25,25,25,25,DM300,Ethanol,C[N+]1=C2C=CC=CC2=C(C2CCCCCCC2)C2=C1C=CC=C2.[O-][Cl+3]([O-])([O-])[O-],C[N+]1=C2C=CC=CC2=C(C2CCCCCCC2)C2=C1C=CC=C2.[O-][Cl+3]([O-])([O-])[O-],0.5,30,25,0.078,CF,C[n+](c(cccc1)c1c2[*])c3c2cccc3.O=Cl(=O)([O-])=O,C[n+]1c2ccccc2cc3ccccc13.O=Cl(=O)([O-])=O,1,organocatalyst,acridinium,[*]C1CCCCCCC1,DM,300,59.0,-37.5,0,0,C(C)O,46.069,-0.31,1.2,789.0,24.6,15.8,8.8,19.4,58.5,403.906,0.8894000000000002,403.906,0.8894000000000002,0,0,0,1,0,0,0,0,1,0,0.8197558,0.7320394,0.68534976,0.5233317,0.706803,0.693455932,0.5593986946719722,0.8275131693280278
26,26,26,26,26,26,26,DM300,Ethanol,CCCCCCC1=C2C=CC=CC2=[N+](C)C2=C1C=CC=C2.[O-][Cl+3]([O-])([O-])[O-],CCCCCCC1=C2C=CC=CC2=[N+](C)C2=C1C=CC=C2.[O-][Cl+3]([O-])([O-])[O-],0.5,30,25,0.078,CF,C[n+](c(cccc1)c1c2[*])c3c2cccc3.O=Cl(=O)([O-])=O,C[n+]1c2ccccc2cc3ccccc13.O=Cl(=O)([O-])=O,1,organocatalyst,acridinium,[*]CCCCCC,DM,300,59.0,-37.5,0,0,C(C)O,46.069,-0.31,1.2,789.0,24.6,15.8,8.8,19.4,58.5,377.86800000000005,0.1842999999999999,377.86800000000005,0.1842999999999999,0,0,0,1,0,0,0,0,1,0,0.81795293,0.67168164,0.66961724,0.47105145,0.6994047,0.665941592,0.5110370380604108,0.8208461459395893
27,27,27,27,27,27,27,DM300,Ethanol,C[N+]1=C2C=CC=CC2=C(C2=CC=NC=C2)C2=C1C=CC=C2.[O-][Cl+3]([O-])([O-])[O-],C[N+]1=C2C=CC=CC2=C(C2=CC=NC=C2)C2=C1C=CC=C2.[O-][Cl+3]([O-])([O-])[O-],0.5,30,25,0.078,CF,C[n+](c(cccc1)c1c2[*])c3c2cccc3.O=Cl(=O)([O-])=O,C[n+]1c2ccccc2cc3ccccc13.O=Cl(=O)([O-])=O,1,organocatalyst,acridinium,[*]c1ccncc1,DM,300,59.0,-37.5,0,0,C(C)O,46.069,-0.31,1.2,789.0,24.6,15.8,8.8,19.4,58.5,370.79200000000014,-0.8764999999999996,370.79200000000014,-0.8764999999999996,0,0,0,1,0,0,0,0,1,0,0.8309236,0.6188574,0.6578609,0.46803495,0.6555075,0.64623687,0.48573551505362456,0.8067382249463754
28,28,28,28,28,28,28,DM300,Ethanol,C[N+]1=C2C=CC=CC2=C(N2CCCCC2)C2=C1C=CC=C2.[O-][Cl+3]([O-])([O-])[O-],C[N+]1=C2C=CC=CC2=C(N2CCCCC2)C2=C1C=CC=C2.[O-][Cl+3]([O-])([O-])[O-],0.5,30,25,0.078,CF,C[n+](c(cccc1)c1c2[*])c3c2cccc3.O=Cl(=O)([O-])=O,C[n+]1c2ccccc2cc3ccccc13.O=Cl(=O)([O-])=O,1,organocatalyst,acridinium,[*]N1CCCCC1,DM,300,59.0,-37.5,0,0,C(C)O,46.069,-0.31,1.2,789.0,24.6,15.8,8.8,19.4,58.5,376.84,-0.9481999999999976,376.84,-0.9481999999999976,0,0,0,1,0,0,0,0,1,0,0.82838374,0.65312517,0.67782754,0.4748481,0.66034913,0.6589067359999999,0.5030871301599129,0.814726341840087
29,29,29,29,29,29,29,DM300,Ethanol,C[N+]1=C2C=CC=CC2=C(O)C2=C1C=CC=C2.[O-][Cl+3]([O-])([O-])[O-],C[N+]1=C2C=CC=CC2=C(O)C2=C1C=CC=C2.[O-][Cl+3]([O-])([O-])[O-],0.5,30,25,0.078,CF,C[n+](c(cccc1)c1c2[*])c3c2cccc3.O=Cl(=O)([O-])=O,C[n+]1c2ccccc2cc3ccccc13.O=Cl(=O)([O-])=O,1,organocatalyst,acridinium,[*]O,DM,300,59.0,-37.5,0,0,C(C)O,46.069,-0.31,1.2,789.0,24.6,15.8,8.8,19.4,58.5,309.70500000000004,-2.232899999999999,309.70500000000004,-2.232899999999999,0,0,0,1,0,0,0,0,1,0,0.8114407,0.50818217,0.61023515,0.33714226,0.59463084,0.5723262239999999,0.3585793730377457,0.7860730749622541
30,30,30,30,30,30,30,DM300,Ethanol,C[N+]1=C2C=CC=CC2=C(N)C2=C1C=CC=C2.[O-][Cl+3]([O-])([O-])[O-],C[N+]1=C2C=CC=CC2=C(N)C2=C1C=CC=C2.[O-][Cl+3]([O-])([O-])[O-],0.5,30,25,0.078,CF,C[n+](c(cccc1)c1c2[*])c3c2cccc3.O=Cl(=O)([O-])=O,C[n+]1c2ccccc2cc3ccccc13.O=Cl(=O)([O-])=O,1,organocatalyst,acridinium,[*]N,DM,300,59.0,-37.5,0,0,C(C)O,46.069,-0.31,1.2,789.0,24.6,15.8,8.8,19.4,58.5,308.721,-2.3562999999999983,308.721,-2.3562999999999983,0,0,0,1,0,0,0,0,1,0,0.8114741,0.47813684,0.61597955,0.3409797,0.606746,0.5706632380000001,0.3532292344050796,0.7880972415949206
31,31,31,31,31,31,31,DM300,Ethanol,C[N+]1=C2C=CC=CC2=C(C23CC4CC(CC(C4)C2)C3)C2=C1C=CC=C2.[O-][Cl+3]([O-])([O-])[O-],C[N+]1=C2C=CC=CC2=C(C23CC4CC(CC(C4)C2)C3)C2=C1C=CC=C2.[O-][Cl+3]([O-])([O-])[O-],0.5,30,25,0.078,CF,C[n+](c(cccc1)c1c2[*])c3c2cccc3.O=Cl(=O)([O-])=O,C[n+]1c2ccccc2cc3ccccc13.O=Cl(=O)([O-])=O,1,organocatalyst,acridinium,[*]C12CC3CC(CC(C2)C3)C1,DM,300,59.0,-37.5,0,0,C(C)O,46.069,-0.31,1.2,789.0,24.6,15.8,8.8,19.4,58.5,427.9280000000001,0.5292999999999999,427.9280000000001,0.5292999999999999,0,0,0,1,0,0,0,0,1,0,0.81364626,0.68885297,0.69431114,0.6040955,0.7709388,0.7143689340000001,0.6137448272460132,0.814993040753987
32,32,32,32,32,32,32,DM300,Ethanol,C[N+]1=C2C=CC=CC2=C(C2CCCCCCCCC2)C2=C1C=CC=C2.[O-][Cl+3]([O-])([O-])[O-],C[N+]1=C2C=CC=CC2=C(C2CCCCCCCCC2)C2=C1C=CC=C2.[O-][Cl+3]([O-])([O-])[O-],0.5,30,25,0.078,CF,C[n+](c(cccc1)c1c2[*])c3c2cccc3.O=Cl(=O)([O-])=O,C[n+]1c2ccccc2cc3ccccc13.O=Cl(=O)([O-])=O,1,organocatalyst,acridinium,[*]C1CCCCCCCCC1,DM,300,59.0,-37.5,0,0,C(C)O,46.069,-0.31,1.2,789.0,24.6,15.8,8.8,19.4,58.5,431.96,1.6696000000000004,431.96,1.6696000000000004,0,0,0,1,0,0,0,0,1,0,0.82258034,0.78921044,0.70072097,0.55667007,0.75620663,0.72507769,0.5955286846787624,0.8546266953212376
33,33,33,33,33,33,33,DM300,Ethanol,CCCCCCCCCCC1=C2C=CC=CC2=[N+](C)C2=C1C=CC=C2.[O-][Cl+3]([O-])([O-])[O-],CCCCCCCCCCC1=C2C=CC=CC2=[N+](C)C2=C1C=CC=C2.[O-][Cl+3]([O-])([O-])[O-],0.5,30,25,0.078,CF,C[n+](c(cccc1)c1c2[*])c3c2cccc3.O=Cl(=O)([O-])=O,C[n+]1c2ccccc2cc3ccccc13.O=Cl(=O)([O-])=O,1,organocatalyst,acridinium,[*]CCCCCCCCCC,DM,300,59.0,-37.5,0,0,C(C)O,46.069,-0.31,1.2,789.0,24.6,15.8,8.8,19.4,58.5,433.9760000000001,1.7447,433.9760000000001,1.7447,0,0,0,1,0,0,0,0,1,0,0.8215722,0.7937535,0.704396,0.5541446,0.80262613,0.735298486,0.5976404895945338,0.8729564824054663
34,34,34,34,34,34,34,DM300,Ethanol,COC1=CC=C2C(=C1)C1(CC2(C)C)CC(C)(C)C2=C1C=C(OC1=C3C=CC=CC3=[N+](C)C3=C1C=CC=C3)C=C2.[O-][Cl+3]([O-])([O-])[O-],COC1=CC=C2C(=C1)C1(CC2(C)C)CC(C)(C)C2=C1C=C(OC1=C3C=CC=CC3=[N+](C)C3=C1C=CC=C3)C=C2.[O-][Cl+3]([O-])([O-])[O-],0.5,30,25,0.078,CF,C[n+](c(cccc1)c1c2[*])c3c2cccc3.O=Cl(=O)([O-])=O,C[n+]1c2ccccc2cc3ccccc13.O=Cl(=O)([O-])=O,1,organocatalyst,acridinium,CC1(C)CC2(CC(C)(C)C3=C2C=C(O[*])C=C3)C4=CC(OC)=CC=C41,DM,300,59.0,-37.5,0,0,C(C)O,46.069,-0.31,1.2,789.0,24.6,15.8,8.8,19.4,58.5,614.1380000000003,3.5111000000000043,614.1380000000003,3.5111000000000043,0,0,0,1,0,0,0,0,1,0,0.934364,0.89940524,0.78418744,0.7626484,0.9291936,0.8619597359999999,0.7598027649753691,0.9641167070246306
35,35,35,35,35,35,35,DM300,Ethanol,C[N+]1=C2C=CC=CC2=C(C2CCC3(CCCC3)CC2)C2=C1C=CC=C2.[O-][Cl+3]([O-])([O-])[O-],C[N+]1=C2C=CC=CC2=C(C2CCC3(CCCC3)CC2)C2=C1C=CC=C2.[O-][Cl+3]([O-])([O-])[O-],0.5,30,25,0.078,CF,C[n+](c(cccc1)c1c2[*])c3c2cccc3.O=Cl(=O)([O-])=O,C[n+]1c2ccccc2cc3ccccc13.O=Cl(=O)([O-])=O,1,organocatalyst,acridinium,[*]C1CCC2(CCCC2)CC1,DM,300,59.0,-37.5,0,0,C(C)O,46.069,-0.31,1.2,789.0,24.6,15.8,8.8,19.4,58.5,429.9440000000001,1.2795000000000007,429.9440000000001,1.2795000000000007,0,0,0,1,0,0,0,0,1,0,0.8351651,0.80494535,0.69681543,0.58042747,0.7634725,0.7361651699999999,0.6103336532897374,0.8619966867102624
36,36,36,36,36,36,36,DM300,Ethanol,O=C1C(NC(F)(F)F)=C(NC(F)(F)F)C1=O,O=C1C(NC(F)(F)F)=C(NC(F)(F)F)C1=O,0.5,30,25,0.078,CF,O=c(c(N[*])c1N[*])c1=O,O=c(c(N)c1N)c1=O,2,organocatalyst,square amide,[*]C(F)(F)F,DM,300,59.0,-37.5,0,0,C(C)O,46.069,-0.31,1.2,789.0,24.6,15.8,8.8,19.4,58.5,248.082,1.146,248.082,1.146,0,0,0,1,0,0,0,0,1,0,0.81556964,0.8974248,0.90422636,0.8472954,0.81506413,0.855916066,0.802409530754755,0.9094226012452451
37,37,37,37,37,37,37,DM300,Ethanol,O=C1C(NC2=CC=CC=C2)=C(NC2=CC=CC=C2)C1=O,O=C1C(NC2=CC=CC=C2)=C(NC2=CC=CC=C2)C1=O,0.5,30,25,0.078,CF,O=c(c(N[*])c1N[*])c1=O,O=c(c(N)c1N)c1=O,2,organocatalyst,square amide,[*]c1ccccc1,DM,300,59.0,-37.5,0,0,C(C)O,46.069,-0.31,1.2,789.0,24.6,15.8,8.8,19.4,58.5,264.284,2.7698,264.284,2.7698,0,0,0,1,0,0,0,0,1,0,0.82767403,0.88869905,0.8720591,0.8883141,0.8909678,0.8735428159999999,0.84035483478978,0.9067307972102199
38,38,38,38,38,38,38,DM300,Ethanol,CC(C)(C)NC1=C(NC(C)(C)C)C(=O)C1=O,CC(C)(C)NC1=C(NC(C)(C)C)C(=O)C1=O,0.5,30,25,0.078,CF,O=c(c(N[*])c1N[*])c1=O,O=c(c(N)c1N)c1=O,2,organocatalyst,square amide,[*]C(C)(C)C,DM,300,59.0,-37.5,0,0,C(C)O,46.069,-0.31,1.2,789.0,24.6,15.8,8.8,19.4,58.5,224.304,1.7033999999999998,224.304,1.7033999999999998,0,0,0,1,0,0,0,0,1,0,0.80356395,0.8988318,0.88999295,0.8838451,0.8875681,0.8727603800000001,0.8242441728507028,0.9212765871492974
39,39,39,39,39,39,39,DM300,Ethanol,CC(C)NC1=C(NC(C)C)C(=O)C1=O,CC(C)NC1=C(NC(C)C)C(=O)C1=O,0.5,30,25,0.078,CF,O=c(c(N[*])c1N[*])c1=O,O=c(c(N)c1N)c1=O,2,organocatalyst,square amide,[*]C(C)C,DM,300,59.0,-37.5,0,0,C(C)O,46.069,-0.31,1.2,789.0,24.6,15.8,8.8,19.4,58.5,196.25,0.9232,196.25,0.9232,0,0,0,1,0,0,0,0,1,0,0.76311713,0.86056364,0.8974156,0.8956541,0.838724,0.851094894,0.7827641212231587,0.9194256667768413
40,40,40,40,40,40,40,DM300,Ethanol,CONC1=C(NOC)C(=O)C1=O,CONC1=C(NOC)C(=O)C1=O,0.5,30,25,0.078,CF,O=c(c(N[*])c1N[*])c1=O,O=c(c(N)c1N)c1=O,2,organocatalyst,square amide,[*]OC,DM,300,59.0,-37.5,0,0,C(C)O,46.069,-0.31,1.2,789.0,24.6,15.8,8.8,19.4,58.5,172.14,-0.7707999999999997,172.14,-0.7707999999999997,0,0,0,1,0,0,0,0,1,0,0.66953945,0.7985024,0.83167577,0.9298198,0.76370126,0.7986477359999999,0.6805472967062225,0.9167481752937774
41,41,41,41,41,41,41,DM300,Ethanol,CCCCCCCCNC1=C(NCCCCCCCC)C(=O)C1=O,CCCCCCCCNC1=C(NCCCCCCCC)C(=O)C1=O,0.5,30,25,0.078,CF,O=c(c(N[*])c1N[*])c1=O,O=c(c(N)c1N)c1=O,2,organocatalyst,square amide,[*]CCCCCCCC,DM,300,59.0,-37.5,0,0,C(C)O,46.069,-0.31,1.2,789.0,24.6,15.8,8.8,19.4,58.5,336.5200000000001,4.827400000000004,336.5200000000001,4.827400000000004,0,0,0,1,0,0,0,0,1,0,0.8396362,0.9386221,0.9122186,0.906904,0.96607137,0.912690454,0.8541456272097951,0.9712352807902049
42,42,42,42,42,42,42,DM300,Ethanol,O=C1C(NC2CCCCC2)=C(NC2CCCCC2)C1=O,O=C1C(NC2CCCCC2)=C(NC2CCCCC2)C1=O,0.5,30,25,0.078,CF,O=c(c(N[*])c1N[*])c1=O,O=c(c(N)c1N)c1=O,2,organocatalyst,square amide,[*]C1CCCCC1,DM,300,59.0,-37.5,0,0,C(C)O,46.069,-0.31,1.2,789.0,24.6,15.8,8.8,19.4,58.5,276.38,2.7718000000000007,276.38,2.7718000000000007,0,0,0,1,0,0,0,0,1,0,0.7800162,0.92320204,0.85666746,0.8828099,0.94778585,0.87809629,0.7971680815725003,0.9590244984274997
43,43,43,43,43,43,43,DM300,Ethanol,O=C1C(NC2CCCCCCC2)=C(NC2CCCCCCC2)C1=O,O=C1C(NC2CCCCCCC2)=C(NC2CCCCCCC2)C1=O,0.5,30,25,0.078,CF,O=c(c(N[*])c1N[*])c1=O,O=c(c(N)c1N)c1=O,2,organocatalyst,square amide,[*]C1CCCCCCC1,DM,300,59.0,-37.5,0,0,C(C)O,46.069,-0.31,1.2,789.0,24.6,15.8,8.8,19.4,58.5,332.48800000000017,4.332200000000004,332.48800000000017,4.332200000000004,0,0,0,1,0,0,0,0,1,0,0.8064672,0.95952475,0.883972,0.89764583,1.0,0.9095219560000001,0.8172272217986493,1.001816690201351
44,44,44,44,44,44,44,DM300,Ethanol,CCCCCCNC1=C(NCCCCCC)C(=O)C1=O,CCCCCCNC1=C(NCCCCCC)C(=O)C1=O,0.5,30,25,0.078,CF,O=c(c(N[*])c1N[*])c1=O,O=c(c(N)c1N)c1=O,2,organocatalyst,square amide,[*]CCCCCC,DM,300,59.0,-37.5,0,0,C(C)O,46.069,-0.31,1.2,789.0,24.6,15.8,8.8,19.4,58.5,280.412,3.267000000000002,280.412,3.267000000000002,0,0,0,1,0,0,0,0,1,0,0.83600783,0.92723894,0.9012009,0.8992932,0.9318615,0.8991204740000001,0.8516351988966395,0.9466057491033606
45,45,45,45,45,45,45,DM300,Ethanol,O=C1C(NC2=CC=NC=C2)=C(NC2=CC=NC=C2)C1=O,O=C1C(NC2=CC=NC=C2)=C(NC2=CC=NC=C2)C1=O,0.5,30,25,0.078,CF,O=c(c(N[*])c1N[*])c1=O,O=c(c(N)c1N)c1=O,2,organocatalyst,square amide,[*]c1ccncc1,DM,300,59.0,-37.5,0,0,C(C)O,46.069,-0.31,1.2,789.0,24.6,15.8,8.8,19.4,58.5,266.26000000000005,1.5598,266.26000000000005,1.5598,0,0,0,1,0,0,0,0,1,0,0.7664412,0.83866966,0.8702553,0.91543454,0.89582455,0.85732505,0.7848337392399308,0.9298163607600692
46,46,46,46,46,46,46,DM300,Ethanol,O=C1C(NN2CCCCC2)=C(NN2CCCCC2)C1=O,O=C1C(NN2CCCCC2)=C(NN2CCCCC2)C1=O,0.5,30,25,0.078,CF,O=c(c(N[*])c1N[*])c1=O,O=c(c(N)c1N)c1=O,2,organocatalyst,square amide,[*]N1CCCCC1,DM,300,59.0,-37.5,0,0,C(C)O,46.069,-0.31,1.2,789.0,24.6,15.8,8.8,19.4,58.5,278.356,0.9081999999999996,278.356,0.9081999999999996,0,0,0,1,0,0,0,0,1,0,0.8533612,0.89550364,0.9133974,0.93366706,0.930842,0.90535426,0.8645667569504653,0.9461417630495347
47,47,47,47,47,47,47,DM300,Ethanol,O=C1C(NO)=C(NO)C1=O,O=C1C(NO)=C(NO)C1=O,0.5,30,25,0.078,CF,O=c(c(N[*])c1N[*])c1=O,O=c(c(N)c1N)c1=O,2,organocatalyst,square amide,[*]O,DM,300,59.0,-37.5,0,0,C(C)O,46.069,-0.31,1.2,789.0,24.6,15.8,8.8,19.4,58.5,144.08599999999998,-1.1152000000000004,144.08599999999998,-1.1152000000000004,0,0,0,1,0,0,0,0,1,0,0.61666805,0.7032074,0.86009717,0.81776273,0.7662506,0.7527971900000001,0.6335310302102486,0.8720633497897516
48,48,48,48,48,48,48,DM300,Ethanol,NNC1=C(NN)C(=O)C1=O,NNC1=C(NN)C(=O)C1=O,0.5,30,25,0.078,CF,O=c(c(N[*])c1N[*])c1=O,O=c(c(N)c1N)c1=O,2,organocatalyst,square amide,[*]N,DM,300,59.0,-37.5,0,0,C(C)O,46.069,-0.31,1.2,789.0,24.6,15.8,8.8,19.4,58.5,142.118,-2.1462000000000003,142.118,-2.1462000000000003,0,0,0,1,0,0,0,0,1,0,0.6645658,0.63963413,0.9146949,0.8539057,0.7918875,0.7729376059999999,0.6253357595855311,0.9205394524144688
49,49,49,49,49,49,49,DM300,Ethanol,O=C1C(NC23CC4CC(CC(C4)C2)C3)=C(NC23CC4CC(CC(C4)C2)C3)C1=O,O=C1C(NC23CC4CC(CC(C4)C2)C3)=C(NC23CC4CC(CC(C4)C2)C3)C1=O,0.5,30,25,0.078,CF,O=c(c(N[*])c1N[*])c1=O,O=c(c(N)c1N)c1=O,2,organocatalyst,square amide,[*]C12CC3CC(CC(C2)C3)C1,DM,300,59.0,-37.5,0,0,C(C)O,46.069,-0.31,1.2,789.0,24.6,15.8,8.8,19.4,58.5,380.5320000000002,4.044000000000003,380.5320000000002,4.044000000000003,0,0,0,1,0,0,0,0,1,0,0.7721654,0.9458078,0.8606768,0.9090893,1.0,0.8975478599999999,0.7899469028216988,1.005148817178301
50,50,50,50,50,50,50,DM300,Ethanol,O=C1C(NC2CCCCCCCCC2)=C(NC2CCCCCCCCC2)C1=O,O=C1C(NC2CCCCCCCCC2)=C(NC2CCCCCCCCC2)C1=O,0.5,30,25,0.078,CF,O=c(c(N[*])c1N[*])c1=O,O=c(c(N)c1N)c1=O,2,organocatalyst,square amide,[*]C1CCCCCCCCC1,DM,300,59.0,-37.5,0,0,C(C)O,46.069,-0.31,1.2,789.0,24.6,15.8,8.8,19.4,58.5,388.59600000000034,5.892600000000006,388.59600000000034,5.892600000000006,0,0,0,1,0,0,0,0,1,0,0.8361378,0.9555743,0.902578,0.9150701,1.0,0.9218720399999999,0.8458138949693089,0.9979301850306909
51,51,51,51,51,51,51,DM300,Ethanol,CCCCCCCCCCNC1=C(NCCCCCCCCCC)C(=O)C1=O,CCCCCCCCCCNC1=C(NCCCCCCCCCC)C(=O)C1=O,0.5,30,25,0.078,CF,O=c(c(N[*])c1N[*])c1=O,O=c(c(N)c1N)c1=O,2,organocatalyst,square amide,[*]CCCCCCCCCC,DM,300,59.0,-37.5,0,0,C(C)O,46.069,-0.31,1.2,789.0,24.6,15.8,8.8,19.4,58.5,392.6280000000002,6.387800000000006,392.6280000000002,6.387800000000006,0,0,0,1,0,0,0,0,1,0,0.85541666,0.9339479,0.9219281,0.9189544,0.98328865,0.9227071420000001,0.8660133406955126,0.9794009433044877
52,52,52,52,52,52,52,DM300,Ethanol,COC1=CC=C2C(=C1)C1(CC2(C)C)CC(C)(C)C2=C1C=C(ONC1=C(NOC3=CC4=C(C=C3)C(C)(C)CC43CC(C)(C)C4=CC=C(OC)C=C43)C(=O)C1=O)C=C2,COC1=CC=C2C(=C1)C1(CC2(C)C)CC(C)(C)C2=C1C=C(ONC1=C(NOC3=CC4=C(C=C3)C(C)(C)CC43CC(C)(C)C4=CC=C(OC)C=C43)C(=O)C1=O)C=C2,0.5,30,25,0.078,CF,O=c(c(N[*])c1N[*])c1=O,O=c(c(N)c1N)c1=O,2,organocatalyst,square amide,CC1(C)CC2(CC(C)(C)C3=C2C=C(O[*])C=C3)C4=CC(OC)=CC=C41,DM,300,59.0,-37.5,0,0,C(C)O,46.069,-0.31,1.2,789.0,24.6,15.8,8.8,19.4,58.5,752.952,9.409,752.952,9.409,0,0,0,1,0,0,0,0,1,0,0.92000365,0.9221555,0.9263904,0.9416317,1.0,0.9420362499999999,0.9004570388573144,0.9836154611426854
53,53,53,53,53,53,53,DM300,Ethanol,O=C1C(NC2CCC3(CCCC3)CC2)=C(NC2CCC3(CCCC3)CC2)C1=O,O=C1C(NC2CCC3(CCCC3)CC2)=C(NC2CCC3(CCCC3)CC2)C1=O,0.5,30,25,0.078,CF,O=c(c(N[*])c1N[*])c1=O,O=c(c(N)c1N)c1=O,2,organocatalyst,square amide,[*]C1CCC2(CCCC2)CC1,DM,300,59.0,-37.5,0,0,C(C)O,46.069,-0.31,1.2,789.0,24.6,15.8,8.8,19.4,58.5,384.5640000000003,5.1124000000000045,384.5640000000003,5.1124000000000045,0,0,0,1,0,0,0,0,1,0,0.83037865,0.9470795,0.89780104,0.909114,1.0,0.916874638,0.8390159064537313,0.9947333695462688
54,54,54,54,54,54,54,DM300,Ethanol,CC1(C)C2CCC1(CS(=O)(=O)NC1=CC=CC(C(F)(F)F)=N1)C(=O)C2,CC1(C)C2CCC1(CS(=O)(=O)NC1=CC=CC(C(F)(F)F)=N1)C(=O)C2,0.5,30,25,0.078,CF,[*]c1nc(NS(CC2(CCC3CC2=O)C3(C)C)(=O)=O)ccc1,CC1(C)C2(CCC1CC2=O)CS(Nc3ncccc3)(=O)=O,1,organocatalyst,amphorsulfon,[*]C(F)(F)F,DM,300,59.0,-37.5,0,0,C(C)O,46.069,-0.31,1.2,789.0,24.6,15.8,8.8,19.4,58.5,376.4000000000001,3.2375000000000016,376.4000000000001,3.2375000000000016,0,0,0,1,0,0,0,0,1,0,0.82537866,0.9165472,0.9522102,0.92421496,1.0,0.9236702040000001,0.8442788480725342,1.003061559927466
55,55,55,55,55,55,55,DM300,Ethanol,CC1(C)C2CCC1(CS(=O)(=O)NC1=CC=CC(C3=CC=CC=C3)=N1)C(=O)C2,CC1(C)C2CCC1(CS(=O)(=O)NC1=CC=CC(C3=CC=CC=C3)=N1)C(=O)C2,0.5,30,25,0.078,CF,[*]c1nc(NS(CC2(CCC3CC2=O)C3(C)C)(=O)=O)ccc1,CC1(C)C2(CCC1CC2=O)CS(Nc3ncccc3)(=O)=O,1,organocatalyst,amphorsulfon,[*]c1ccccc1,DM,300,59.0,-37.5,0,0,C(C)O,46.069,-0.31,1.2,789.0,24.6,15.8,8.8,19.4,58.5,384.50100000000015,3.8857000000000017,384.50100000000015,3.8857000000000017,0,0,0,1,0,0,0,0,1,0,0.8400488,0.91948575,0.9483113,0.9299618,1.0,0.92756153,0.8556753439742305,0.9994477160257694
56,56,56,56,56,56,56,DM300,Ethanol,CC(C)(C)C1=NC(NS(=O)(=O)CC23CCC(CC2=O)C3(C)C)=CC=C1,CC(C)(C)C1=NC(NS(=O)(=O)CC23CCC(CC2=O)C3(C)C)=CC=C1,0.5,30,25,0.078,CF,[*]c1nc(NS(CC2(CCC3CC2=O)C3(C)C)(=O)=O)ccc1,CC1(C)C2(CCC1CC2=O)CS(Nc3ncccc3)(=O)=O,1,organocatalyst,amphorsulfon,[*]C(C)(C)C,DM,300,59.0,-37.5,0,0,C(C)O,46.069,-0.31,1.2,789.0,24.6,15.8,8.8,19.4,58.5,364.5110000000001,3.516200000000002,364.5110000000001,3.516200000000002,0,0,0,1,0,0,0,0,1,0,0.85295427,0.9143604,0.9464122,0.93386173,1.0,0.92951772,0.8633364701002796,0.9956989698997204
57,57,57,57,57,57,57,DM300,Ethanol,CC(C)C1=NC(NS(=O)(=O)CC23CCC(CC2=O)C3(C)C)=CC=C1,CC(C)C1=NC(NS(=O)(=O)CC23CCC(CC2=O)C3(C)C)=CC=C1,0.5,30,25,0.078,CF,[*]c1nc(NS(CC2(CCC3CC2=O)C3(C)C)(=O)=O)ccc1,CC1(C)C2(CCC1CC2=O)CS(Nc3ncccc3)(=O)=O,1,organocatalyst,amphorsulfon,[*]C(C)C,DM,300,59.0,-37.5,0,0,C(C)O,46.069,-0.31,1.2,789.0,24.6,15.8,8.8,19.4,58.5,350.48400000000004,3.342100000000002,350.48400000000004,3.342100000000002,0,0,0,1,0,0,0,0,1,0,0.8170705,0.9168791,0.95146513,0.93556714,1.0,0.9241963739999999,0.8405599929523717,1.007832755047628
58,58,58,58,58,58,58,DM300,Ethanol,COC1=NC(NS(=O)(=O)CC23CCC(CC2=O)C3(C)C)=CC=C1,COC1=NC(NS(=O)(=O)CC23CCC(CC2=O)C3(C)C)=CC=C1,0.5,30,25,0.078,CF,[*]c1nc(NS(CC2(CCC3CC2=O)C3(C)C)(=O)=O)ccc1,CC1(C)C2(CCC1CC2=O)CS(Nc3ncccc3)(=O)=O,1,organocatalyst,amphorsulfon,[*]OC,DM,300,59.0,-37.5,0,0,C(C)O,46.069,-0.31,1.2,789.0,24.6,15.8,8.8,19.4,58.5,338.42900000000003,2.2273,338.42900000000003,2.2273,0,0,0,1,0,0,0,0,1,0,0.7764474,0.90711236,0.9512931,0.9258795,0.98488355,0.9091231820000001,0.8101679050224003,1.0080784589775997
59,59,59,59,59,59,59,DM300,Ethanol,CCCCCCCCC1=NC(NS(=O)(=O)CC23CCC(CC2=O)C3(C)C)=CC=C1,CCCCCCCCC1=NC(NS(=O)(=O)CC23CCC(CC2=O)C3(C)C)=CC=C1,0.5,30,25,0.078,CF,[*]c1nc(NS(CC2(CCC3CC2=O)C3(C)C)(=O)=O)ccc1,CC1(C)C2(CCC1CC2=O)CS(Nc3ncccc3)(=O)=O,1,organocatalyst,amphorsulfon,[*]CCCCCCCC,DM,300,59.0,-37.5,0,0,C(C)O,46.069,-0.31,1.2,789.0,24.6,15.8,8.8,19.4,58.5,420.61900000000026,5.121700000000005,420.61900000000026,5.121700000000005,0,0,0,1,0,0,0,0,1,0,0.83556783,0.9269326,0.95622206,0.92833316,1.0,0.9294111300000001,0.8546131510495066,1.0042091089504936
60,60,60,60,60,60,60,DM300,Ethanol,CC1(C)C2CCC1(CS(=O)(=O)NC1=CC=CC(C3CCCCC3)=N1)C(=O)C2,CC1(C)C2CCC1(CS(=O)(=O)NC1=CC=CC(C3CCCCC3)=N1)C(=O)C2,0.5,30,25,0.078,CF,[*]c1nc(NS(CC2(CCC3CC2=O)C3(C)C)(=O)=O)ccc1,CC1(C)C2(CCC1CC2=O)CS(Nc3ncccc3)(=O)=O,1,organocatalyst,amphorsulfon,[*]C1CCCCC1,DM,300,59.0,-37.5,0,0,C(C)O,46.069,-0.31,1.2,789.0,24.6,15.8,8.8,19.4,58.5,390.5490000000003,4.266400000000004,390.5490000000003,4.266400000000004,0,0,0,1,0,0,0,0,1,0,0.8283407,0.928795,0.9459626,0.93017745,1.0,0.92665515,0.8495245223313304,1.0037857776686696
61,61,61,61,61,61,61,DM300,Ethanol,CC1(C)C2CCC1(CS(=O)(=O)NC1=CC=CC(C3CCCCCCC3)=N1)C(=O)C2,CC1(C)C2CCC1(CS(=O)(=O)NC1=CC=CC(C3CCCCCCC3)=N1)C(=O)C2,0.5,30,25,0.078,CF,[*]c1nc(NS(CC2(CCC3CC2=O)C3(C)C)(=O)=O)ccc1,CC1(C)C2(CCC1CC2=O)CS(Nc3ncccc3)(=O)=O,1,organocatalyst,amphorsulfon,[*]C1CCCCCCC1,DM,300,59.0,-37.5,0,0,C(C)O,46.069,-0.31,1.2,789.0,24.6,15.8,8.8,19.4,58.5,418.6030000000004,5.046600000000004,418.6030000000004,5.046600000000004,0,0,0,1,0,0,0,0,1,0,0.839139,0.9381242,0.94816923,0.9289189,1.0,0.930870266,0.8586047097297967,1.0031358222702031
62,62,62,62,62,62,62,DM300,Ethanol,CCCCCCC1=NC(NS(=O)(=O)CC23CCC(CC2=O)C3(C)C)=CC=C1,CCCCCCC1=NC(NS(=O)(=O)CC23CCC(CC2=O)C3(C)C)=CC=C1,0.5,30,25,0.078,CF,[*]c1nc(NS(CC2(CCC3CC2=O)C3(C)C)(=O)=O)ccc1,CC1(C)C2(CCC1CC2=O)CS(Nc3ncccc3)(=O)=O,1,organocatalyst,amphorsulfon,[*]CCCCCC,DM,300,59.0,-37.5,0,0,C(C)O,46.069,-0.31,1.2,789.0,24.6,15.8,8.8,19.4,58.5,392.56500000000017,4.341500000000004,392.56500000000017,4.341500000000004,0,0,0,1,0,0,0,0,1,0,0.8264967,0.92390585,0.95340466,0.92938054,1.0,0.9266375499999999,0.8477608426437736,1.0055142573562261
63,63,63,63,63,63,63,DM300,Ethanol,CC1(C)C2CCC1(CS(=O)(=O)NC1=CC=CC(C3=CC=NC=C3)=N1)C(=O)C2,CC1(C)C2CCC1(CS(=O)(=O)NC1=CC=CC(C3=CC=NC=C3)=N1)C(=O)C2,0.5,30,25,0.078,CF,[*]c1nc(NS(CC2(CCC3CC2=O)C3(C)C)(=O)=O)ccc1,CC1(C)C2(CCC1CC2=O)CS(Nc3ncccc3)(=O)=O,1,organocatalyst,amphorsulfon,[*]c1ccncc1,DM,300,59.0,-37.5,0,0,C(C)O,46.069,-0.31,1.2,789.0,24.6,15.8,8.8,19.4,58.5,385.48900000000015,3.2807000000000013,385.48900000000015,3.2807000000000013,0,0,0,1,0,0,0,0,1,0,0.83182216,0.9238627,0.9511529,0.9239543,1.0,0.926158412,0.8501558924422994,1.0021609315577007
64,64,64,64,64,64,64,DM300,Ethanol,CC1(C)C2CCC1(CS(=O)(=O)NC1=CC=CC(N3CCCCC3)=N1)C(=O)C2,CC1(C)C2CCC1(CS(=O)(=O)NC1=CC=CC(N3CCCCC3)=N1)C(=O)C2,0.5,30,25,0.078,CF,[*]c1nc(NS(CC2(CCC3CC2=O)C3(C)C)(=O)=O)ccc1,CC1(C)C2(CCC1CC2=O)CS(Nc3ncccc3)(=O)=O,1,organocatalyst,amphorsulfon,[*]N1CCCCC1,DM,300,59.0,-37.5,0,0,C(C)O,46.069,-0.31,1.2,789.0,24.6,15.8,8.8,19.4,58.5,391.5370000000003,3.2090000000000014,391.5370000000003,3.2090000000000014,0,0,0,1,0,0,0,0,1,0,0.82627463,0.93661094,0.94610274,0.9262934,1.0,0.927056342,0.8486927628572141,1.0054199211427859
65,65,65,65,65,65,65,DM300,Ethanol,CC1(C)C2CCC1(CS(=O)(=O)NC1=CC=CC(O)=N1)C(=O)C2,CC1(C)C2CCC1(CS(=O)(=O)NC1=CC=CC(O)=N1)C(=O)C2,0.5,30,25,0.078,CF,[*]c1nc(NS(CC2(CCC3CC2=O)C3(C)C)(=O)=O)ccc1,CC1(C)C2(CCC1CC2=O)CS(Nc3ncccc3)(=O)=O,1,organocatalyst,amphorsulfon,[*]O,DM,300,59.0,-37.5,0,0,C(C)O,46.069,-0.31,1.2,789.0,24.6,15.8,8.8,19.4,58.5,324.4020000000001,1.9243,324.4020000000001,1.9243,0,0,0,1,0,0,0,0,1,0,0.8134252,0.92211866,0.9398649,0.92156625,0.98033476,0.9154619540000001,0.8386766600939359,0.9922472479060642
66,66,66,66,66,66,66,DM300,Ethanol,CC1(C)C2CCC1(CS(=O)(=O)NC1=CC=CC(N)=N1)C(=O)C2,CC1(C)C2CCC1(CS(=O)(=O)NC1=CC=CC(N)=N1)C(=O)C2,0.5,30,25,0.078,CF,[*]c1nc(NS(CC2(CCC3CC2=O)C3(C)C)(=O)=O)ccc1,CC1(C)C2(CCC1CC2=O)CS(Nc3ncccc3)(=O)=O,1,organocatalyst,amphorsulfon,[*]N,DM,300,59.0,-37.5,0,0,C(C)O,46.069,-0.31,1.2,789.0,24.6,15.8,8.8,19.4,58.5,323.4180000000001,1.8008999999999995,323.4180000000001,1.8008999999999995,0,0,0,1,0,0,0,0,1,0,0.8099458,0.91924053,0.9407556,0.91269755,0.97524685,0.9115772660000001,0.8347993297634221,0.9883552022365781
67,67,67,67,67,67,67,DM300,Ethanol,CC1(C)C2CCC1(CS(=O)(=O)NC1=CC=CC(C34CC5CC(CC(C5)C3)C4)=N1)C(=O)C2,CC1(C)C2CCC1(CS(=O)(=O)NC1=CC=CC(C34CC5CC(CC(C5)C3)C4)=N1)C(=O)C2,0.5,30,25,0.078,CF,[*]c1nc(NS(CC2(CCC3CC2=O)C3(C)C)(=O)=O)ccc1,CC1(C)C2(CCC1CC2=O)CS(Nc3ncccc3)(=O)=O,1,organocatalyst,amphorsulfon,[*]C12CC3CC(CC(C2)C3)C1,DM,300,59.0,-37.5,0,0,C(C)O,46.069,-0.31,1.2,789.0,24.6,15.8,8.8,19.4,58.5,442.6250000000004,4.686500000000004,442.6250000000004,4.686500000000004,0,0,0,1,0,0,0,0,1,0,0.84257674,0.9402602,0.929824,0.93537074,1.0,0.929606336,0.8597077132629776,0.9995049587370224
68,68,68,68,68,68,68,DM300,Ethanol,CC1(C)C2CCC1(CS(=O)(=O)NC1=CC=CC(C3CCCCCCCCC3)=N1)C(=O)C2,CC1(C)C2CCC1(CS(=O)(=O)NC1=CC=CC(C3CCCCCCCCC3)=N1)C(=O)C2,0.5,30,25,0.078,CF,[*]c1nc(NS(CC2(CCC3CC2=O)C3(C)C)(=O)=O)ccc1,CC1(C)C2(CCC1CC2=O)CS(Nc3ncccc3)(=O)=O,1,organocatalyst,amphorsulfon,[*]C1CCCCCCCCC1,DM,300,59.0,-37.5,0,0,C(C)O,46.069,-0.31,1.2,789.0,24.6,15.8,8.8,19.4,58.5,446.6570000000005,5.826800000000006,446.6570000000005,5.826800000000006,0,0,0,1,0,0,0,0,1,0,0.8498266,0.9455317,0.94767666,0.9285979,1.0,0.934326572,0.8669159890392804,1.0017371549607197
69,69,69,69,69,69,69,DM300,Ethanol,CCCCCCCCCCC1=NC(NS(=O)(=O)CC23CCC(CC2=O)C3(C)C)=CC=C1,CCCCCCCCCCC1=NC(NS(=O)(=O)CC23CCC(CC2=O)C3(C)C)=CC=C1,0.5,30,25,0.078,CF,[*]c1nc(NS(CC2(CCC3CC2=O)C3(C)C)(=O)=O)ccc1,CC1(C)C2(CCC1CC2=O)CS(Nc3ncccc3)(=O)=O,1,organocatalyst,amphorsulfon,[*]CCCCCCCCCC,DM,300,59.0,-37.5,0,0,C(C)O,46.069,-0.31,1.2,789.0,24.6,15.8,8.8,19.4,58.5,448.67300000000034,5.901900000000006,448.67300000000034,5.901900000000006,0,0,0,1,0,0,0,0,1,0,0.8469522,0.93197656,0.9560318,0.9283425,1.0,0.9326606119999999,0.8633999878457654,1.0019212361542345
70,70,70,70,70,70,70,DM300,Ethanol,COC1=CC=C2C(=C1)C1(CC2(C)C)CC(C)(C)C2=C1C=C(OC1=NC(NS(=O)(=O)CC34CCC(CC3=O)C4(C)C)=CC=C1)C=C2,COC1=CC=C2C(=C1)C1(CC2(C)C)CC(C)(C)C2=C1C=C(OC1=NC(NS(=O)(=O)CC34CCC(CC3=O)C4(C)C)=CC=C1)C=C2,0.5,30,25,0.078,CF,[*]c1nc(NS(CC2(CCC3CC2=O)C3(C)C)(=O)=O)ccc1,CC1(C)C2(CCC1CC2=O)CS(Nc3ncccc3)(=O)=O,1,organocatalyst,amphorsulfon,CC1(C)CC2(CC(C)(C)C3=C2C=C(O[*])C=C3)C4=CC(OC)=CC=C41,DM,300,59.0,-37.5,0,0,C(C)O,46.069,-0.31,1.2,789.0,24.6,15.8,8.8,19.4,58.5,628.8350000000003,7.668300000000008,628.8350000000003,7.668300000000008,0,0,0,1,0,0,0,0,1,0,0.90951204,0.9226326,0.94505143,0.93668437,1.0,0.9427760880000001,0.8996333144817454,0.9859188615182548
71,71,71,71,71,71,71,DM300,Ethanol,CC1(C)C2CCC1(CS(=O)(=O)NC1=CC=CC(C3CCC4(CCCC4)CC3)=N1)C(=O)C2,CC1(C)C2CCC1(CS(=O)(=O)NC1=CC=CC(C3CCC4(CCCC4)CC3)=N1)C(=O)C2,0.5,30,25,0.078,CF,[*]c1nc(NS(CC2(CCC3CC2=O)C3(C)C)(=O)=O)ccc1,CC1(C)C2(CCC1CC2=O)CS(Nc3ncccc3)(=O)=O,1,organocatalyst,amphorsulfon,[*]C1CCC2(CCCC2)CC1,DM,300,59.0,-37.5,0,0,C(C)O,46.069,-0.31,1.2,789.0,24.6,15.8,8.8,19.4,58.5,444.6410000000005,5.4367000000000045,444.6410000000005,5.4367000000000045,0,0,0,1,0,0,0,0,1,0,0.85382015,0.9331922,0.92510396,0.93061376,1.0,0.9285460139999999,0.8642446686005982,0.9928473593994016
72,72,72,72,72,72,72,DM300,Ethanol,OC1=C(C2=C3C=CC=CC3=CC(C(F)(F)F)=C2O)C2=C(C=CC=C2)C=C1C(F)(F)F,OC1=C(C2=C3C=CC=CC3=CC(C(F)(F)F)=C2O)C2=C(C=CC=C2)C=C1C(F)(F)F,0.5,30,25,0.078,CF,Oc(c([*])c1)c(c2c(O)c([*])cc3c2cccc3)c4c1cccc4,Oc(cc1)c(c2c(O)ccc3c2cccc3)c4c1cccc4,2,organocatalyst,binol,[*]C(F)(F)F,DM,300,59.0,-37.5,0,0,C(C)O,46.069,-0.31,1.2,789.0,24.6,15.8,8.8,19.4,58.5,422.324,7.108800000000004,422.324,7.108800000000004,0,0,0,1,0,0,0,0,1,0,0.85444677,0.9571215,0.91082734,0.9190895,1.0,0.928297022,0.8608117111199907,0.9957823328800093
73,73,73,73,73,73,73,DM300,Ethanol,OC1=C(C2=C3C=CC=CC3=CC(C3=CC=CC=C3)=C2O)C2=C(C=CC=C2)C=C1C1=CC=CC=C1,OC1=C(C2=C3C=CC=CC3=CC(C3=CC=CC=C3)=C2O)C2=C(C=CC=C2)C=C1C1=CC=CC=C1,0.5,30,25,0.078,CF,Oc(c([*])c1)c(c2c(O)c([*])cc3c2cccc3)c4c1cccc4,Oc(cc1)c(c2c(O)ccc3c2cccc3)c4c1cccc4,2,organocatalyst,binol,[*]c1ccccc1,DM,300,59.0,-37.5,0,0,C(C)O,46.069,-0.31,1.2,789.0,24.6,15.8,8.8,19.4,58.5,438.5260000000001,8.405200000000004,438.5260000000001,8.405200000000004,0,0,0,1,0,0,0,0,1,0,0.87702036,0.98355496,0.90648365,0.9118855,1.0,0.9357888939999999,0.8698269231814784,1.0017508648185214
74,74,74,74,74,74,74,DM300,Ethanol,CC(C)(C)C1=CC2=C(C=CC=C2)C(C2=C3C=CC=CC3=CC(C(C)(C)C)=C2O)=C1O,CC(C)(C)C1=CC2=C(C=CC=C2)C(C2=C3C=CC=CC3=CC(C(C)(C)C)=C2O)=C1O,0.5,30,25,0.078,CF,Oc(c([*])c1)c(c2c(O)c([*])cc3c2cccc3)c4c1cccc4,Oc(cc1)c(c2c(O)ccc3c2cccc3)c4c1cccc4,2,organocatalyst,binol,[*]C(C)(C)C,DM,300,59.0,-37.5,0,0,C(C)O,46.069,-0.31,1.2,789.0,24.6,15.8,8.8,19.4,58.5,398.5460000000002,7.666200000000007,398.5460000000002,7.666200000000007,0,0,0,1,0,0,0,0,1,0,0.86364627,0.9443996,0.9272287,0.93065524,1.0,0.9331859619999999,0.8727782631142814,0.9935936608857184
75,75,75,75,75,75,75,DM300,Ethanol,CC(C)C1=CC2=C(C=CC=C2)C(C2=C3C=CC=CC3=CC(C(C)C)=C2O)=C1O,CC(C)C1=CC2=C(C=CC=C2)C(C2=C3C=CC=CC3=CC(C(C)C)=C2O)=C1O,0.5,30,25,0.078,CF,Oc(c([*])c1)c(c2c(O)c([*])cc3c2cccc3)c4c1cccc4,Oc(cc1)c(c2c(O)ccc3c2cccc3)c4c1cccc4,2,organocatalyst,binol,[*]C(C)C,DM,300,59.0,-37.5,0,0,C(C)O,46.069,-0.31,1.2,789.0,24.6,15.8,8.8,19.4,58.5,370.4920000000001,7.318000000000008,370.4920000000001,7.318000000000008,0,0,0,1,0,0,0,0,1,0,0.86230075,0.9445684,0.9041036,0.9068637,1.0,0.92356729,0.8593646163088957,0.9877699636911044
76,76,76,76,76,76,76,DM300,Ethanol,COC1=CC2=C(C=CC=C2)C(C2=C3C=CC=CC3=CC(OC)=C2O)=C1O,COC1=CC2=C(C=CC=C2)C(C2=C3C=CC=CC3=CC(OC)=C2O)=C1O,0.5,30,25,0.078,CF,Oc(c([*])c1)c(c2c(O)c([*])cc3c2cccc3)c4c1cccc4,Oc(cc1)c(c2c(O)ccc3c2cccc3)c4c1cccc4,2,organocatalyst,binol,[*]OC,DM,300,59.0,-37.5,0,0,C(C)O,46.069,-0.31,1.2,789.0,24.6,15.8,8.8,19.4,58.5,346.3820000000001,5.0884000000000045,346.3820000000001,5.0884000000000045,0,0,0,1,0,0,0,0,1,0,0.83686155,0.9253226,0.87146634,0.8739463,1.0,0.901519358,0.8227222984083786,0.9803164175916215
77,77,77,77,77,77,77,DM300,Ethanol,CCCCCCCCC1=CC2=C(C=CC=C2)C(C2=C3C=CC=CC3=CC(CCCCCCCC)=C2O)=C1O,CCCCCCCCC1=CC2=C(C=CC=C2)C(C2=C3C=CC=CC3=CC(CCCCCCCC)=C2O)=C1O,0.5,30,25,0.078,CF,Oc(c([*])c1)c(c2c(O)c([*])cc3c2cccc3)c4c1cccc4,Oc(cc1)c(c2c(O)ccc3c2cccc3)c4c1cccc4,2,organocatalyst,binol,[*]CCCCCCCC,DM,300,59.0,-37.5,0,0,C(C)O,46.069,-0.31,1.2,789.0,24.6,15.8,8.8,19.4,58.5,510.76200000000046,10.877199999999988,510.76200000000046,10.877199999999988,0,0,0,1,0,0,0,0,1,0,0.89173615,0.947808,0.9331409,0.9331407,1.0,0.9411651500000001,0.8927654383112581,0.9895648616887421
78,78,78,78,78,78,78,DM300,Ethanol,OC1=C(C2=C3C=CC=CC3=CC(C3CCCCC3)=C2O)C2=C(C=CC=C2)C=C1C1CCCCC1,OC1=C(C2=C3C=CC=CC3=CC(C3CCCCC3)=C2O)C2=C(C=CC=C2)C=C1C1CCCCC1,0.5,30,25,0.078,CF,Oc(c([*])c1)c(c2c(O)c([*])cc3c2cccc3)c4c1cccc4,Oc(cc1)c(c2c(O)ccc3c2cccc3)c4c1cccc4,2,organocatalyst,binol,[*]C1CCCCC1,DM,300,59.0,-37.5,0,0,C(C)O,46.069,-0.31,1.2,789.0,24.6,15.8,8.8,19.4,58.5,450.6220000000002,9.1666,450.6220000000002,9.1666,0,0,0,1,0,0,0,0,1,0,0.87514,0.95758426,0.92136395,0.92679965,1.0,0.9361775720000001,0.8787228571282439,0.9936322868717562
79,79,79,79,79,79,79,DM300,Ethanol,OC1=C(C2=C3C=CC=CC3=CC(C3CCCCCCC3)=C2O)C2=C(C=CC=C2)C=C1C1CCCCCCC1,OC1=C(C2=C3C=CC=CC3=CC(C3CCCCCCC3)=C2O)C2=C(C=CC=C2)C=C1C1CCCCCCC1,0.5,30,25,0.078,CF,Oc(c([*])c1)c(c2c(O)c([*])cc3c2cccc3)c4c1cccc4,Oc(cc1)c(c2c(O)ccc3c2cccc3)c4c1cccc4,2,organocatalyst,binol,[*]C1CCCCCCC1,DM,300,59.0,-37.5,0,0,C(C)O,46.069,-0.31,1.2,789.0,24.6,15.8,8.8,19.4,58.5,506.7300000000004,10.726999999999986,506.7300000000004,10.726999999999986,0,0,0,1,0,0,0,0,1,0,0.8914009,0.9528328,0.9355657,0.93975437,1.0,0.943910754,0.8955423762457121,0.992279131754288
80,80,80,80,80,80,80,DM300,Ethanol,CCCCCCC1=CC2=C(C=CC=C2)C(C2=C3C=CC=CC3=CC(CCCCCC)=C2O)=C1O,CCCCCCC1=CC2=C(C=CC=C2)C(C2=C3C=CC=CC3=CC(CCCCCC)=C2O)=C1O,0.5,30,25,0.078,CF,Oc(c([*])c1)c(c2c(O)c([*])cc3c2cccc3)c4c1cccc4,Oc(cc1)c(c2c(O)ccc3c2cccc3)c4c1cccc4,2,organocatalyst,binol,[*]CCCCCC,DM,300,59.0,-37.5,0,0,C(C)O,46.069,-0.31,1.2,789.0,24.6,15.8,8.8,19.4,58.5,454.65400000000034,9.316799999999995,454.65400000000034,9.316799999999995,0,0,0,1,0,0,0,0,1,0,0.87476224,0.9491448,0.92136157,0.9204548,1.0,0.933144682,0.876129377236044,0.990159986763956
81,81,81,81,81,81,81,DM300,Ethanol,OC1=C(C2=C3C=CC=CC3=CC(C3=CC=NC=C3)=C2O)C2=C(C=CC=C2)C=C1C1=CC=NC=C1,OC1=C(C2=C3C=CC=CC3=CC(C3=CC=NC=C3)=C2O)C2=C(C=CC=C2)C=C1C1=CC=NC=C1,0.5,30,25,0.078,CF,Oc(c([*])c1)c(c2c(O)c([*])cc3c2cccc3)c4c1cccc4,Oc(cc1)c(c2c(O)ccc3c2cccc3)c4c1cccc4,2,organocatalyst,binol,[*]c1ccncc1,DM,300,59.0,-37.5,0,0,C(C)O,46.069,-0.31,1.2,789.0,24.6,15.8,8.8,19.4,58.5,440.5020000000001,7.195200000000006,440.5020000000001,7.195200000000006,0,0,0,1,0,0,0,0,1,0,0.86044043,0.95015913,0.91446126,0.91495883,1.0,0.92800393,0.8641074010104784,0.9919004589895216
82,82,82,82,82,82,82,DM300,Ethanol,OC1=C(C2=C3C=CC=CC3=CC(N3CCCCC3)=C2O)C2=C(C=CC=C2)C=C1N1CCCCC1,OC1=C(C2=C3C=CC=CC3=CC(N3CCCCC3)=C2O)C2=C(C=CC=C2)C=C1N1CCCCC1,0.5,30,25,0.078,CF,Oc(c([*])c1)c(c2c(O)c([*])cc3c2cccc3)c4c1cccc4,Oc(cc1)c(c2c(O)ccc3c2cccc3)c4c1cccc4,2,organocatalyst,binol,[*]N1CCCCC1,DM,300,59.0,-37.5,0,0,C(C)O,46.069,-0.31,1.2,789.0,24.6,15.8,8.8,19.4,58.5,452.5980000000002,7.051800000000006,452.5980000000002,7.051800000000006,0,0,0,1,0,0,0,0,1,0,0.8608762,0.9590061,0.92505896,0.922495,1.0,0.9334872520000002,0.8697516948731686,0.9972228091268317
83,83,83,83,83,83,83,DM300,Ethanol,OC1=CC2=C(C=CC=C2)C(C2=C3C=CC=CC3=CC(O)=C2O)=C1O,OC1=CC2=C(C=CC=C2)C(C2=C3C=CC=CC3=CC(O)=C2O)=C1O,0.5,30,25,0.078,CF,Oc(c([*])c1)c(c2c(O)c([*])cc3c2cccc3)c4c1cccc4,Oc(cc1)c(c2c(O)ccc3c2cccc3)c4c1cccc4,2,organocatalyst,binol,[*]O,DM,300,59.0,-37.5,0,0,C(C)O,46.069,-0.31,1.2,789.0,24.6,15.8,8.8,19.4,58.5,318.32800000000003,4.4824000000000055,318.32800000000003,4.4824000000000055,0,0,0,1,0,0,0,0,1,0,0.8196075,0.93071306,0.86202514,0.91328895,0.99552107,0.904231144,0.820799790413359,0.987662497586641
84,84,84,84,84,84,84,DM300,Ethanol,NC1=CC2=C(C=CC=C2)C(C2=C3C=CC=CC3=CC(N)=C2O)=C1O,NC1=CC2=C(C=CC=C2)C(C2=C3C=CC=CC3=CC(N)=C2O)=C1O,0.5,30,25,0.078,CF,Oc(c([*])c1)c(c2c(O)c([*])cc3c2cccc3)c4c1cccc4,Oc(cc1)c(c2c(O)ccc3c2cccc3)c4c1cccc4,2,organocatalyst,binol,[*]N,DM,300,59.0,-37.5,0,0,C(C)O,46.069,-0.31,1.2,789.0,24.6,15.8,8.8,19.4,58.5,316.36000000000007,4.235600000000003,316.36000000000007,4.235600000000003,0,0,0,1,0,0,0,0,1,0,0.8303616,0.9237641,0.89778805,0.9105015,0.9770086,0.9078847700000001,0.8423321722310956,0.9734373677689047
85,85,85,85,85,85,85,DM300,Ethanol,OC1=C(C2=C3C=CC=CC3=CC(C34CC5CC(CC(C5)C3)C4)=C2O)C2=C(C=CC=C2)C=C1C12CC3CC(CC(C3)C1)C2,OC1=C(C2=C3C=CC=CC3=CC(C34CC5CC(CC(C5)C3)C4)=C2O)C2=C(C=CC=C2)C=C1C12CC3CC(CC(C3)C1)C2,0.5,30,25,0.078,CF,Oc(c([*])c1)c(c2c(O)c([*])cc3c2cccc3)c4c1cccc4,Oc(cc1)c(c2c(O)ccc3c2cccc3)c4c1cccc4,2,organocatalyst,binol,[*]C12CC3CC(CC(C2)C3)C1,DM,300,59.0,-37.5,0,0,C(C)O,46.069,-0.31,1.2,789.0,24.6,15.8,8.8,19.4,58.5,554.7740000000001,10.006799999999997,554.7740000000001,10.006799999999997,0,0,0,1,0,0,0,0,1,0,0.87896824,0.9676368,0.9409104,0.9438275,1.0,0.946268588,0.8910610486356613,1.0014761273643387
86,86,86,86,86,86,86,DM300,Ethanol,OC1=C(C2=C3C=CC=CC3=CC(C3CCCCCCCCC3)=C2O)C2=C(C=CC=C2)C=C1C1CCCCCCCCC1,OC1=C(C2=C3C=CC=CC3=CC(C3CCCCCCCCC3)=C2O)C2=C(C=CC=C2)C=C1C1CCCCCCCCC1,0.5,30,25,0.078,CF,Oc(c([*])c1)c(c2c(O)c([*])cc3c2cccc3)c4c1cccc4,Oc(cc1)c(c2c(O)ccc3c2cccc3)c4c1cccc4,2,organocatalyst,binol,[*]C1CCCCCCCCC1,DM,300,59.0,-37.5,0,0,C(C)O,46.069,-0.31,1.2,789.0,24.6,15.8,8.8,19.4,58.5,562.8380000000001,12.287399999999977,562.8380000000001,12.287399999999977,0,0,0,1,0,0,0,0,1,0,0.9058007,0.94835913,0.94487107,0.9505501,1.0,0.9499162,0.9083489870727922,0.9914834129272078
87,87,87,87,87,87,87,DM300,Ethanol,CCCCCCCCCCC1=CC2=C(C=CC=C2)C(C2=C3C=CC=CC3=CC(CCCCCCCCCC)=C2O)=C1O,CCCCCCCCCCC1=CC2=C(C=CC=C2)C(C2=C3C=CC=CC3=CC(CCCCCCCCCC)=C2O)=C1O,0.5,30,25,0.078,CF,Oc(c([*])c1)c(c2c(O)c([*])cc3c2cccc3)c4c1cccc4,Oc(cc1)c(c2c(O)ccc3c2cccc3)c4c1cccc4,2,organocatalyst,binol,[*]CCCCCCCCCC,DM,300,59.0,-37.5,0,0,C(C)O,46.069,-0.31,1.2,789.0,24.6,15.8,8.8,19.4,58.5,566.8700000000006,12.437599999999977,566.8700000000006,12.437599999999977,0,0,0,1,0,0,0,0,1,0,0.9056111,0.9478512,0.9382538,0.94491017,1.0,0.9473252540000001,0.9052041932111206,0.9894463147888797
88,88,88,88,88,88,88,DM300,Ethanol,COC1=CC=C2C(=C1)C1(CC2(C)C)CC(C)(C)C2=C1C=C(OC1=CC3=C(C=CC=C3)C(C3=C4C=CC=CC4=CC(OC4=CC5=C(C=C4)C(C)(C)CC54CC(C)(C)C5=CC=C(OC)C=C54)=C3O)=C1O)C=C2,COC1=CC=C2C(=C1)C1(CC2(C)C)CC(C)(C)C2=C1C=C(OC1=CC3=C(C=CC=C3)C(C3=C4C=CC=CC4=CC(OC4=CC5=C(C=C4)C(C)(C)CC54CC(C)(C)C5=CC=C(OC)C=C54)=C3O)=C1O)C=C2,0.5,30,25,0.078,CF,Oc(c([*])c1)c(c2c(O)c([*])cc3c2cccc3)c4c1cccc4,Oc(cc1)c(c2c(O)ccc3c2cccc3)c4c1cccc4,2,organocatalyst,binol,CC1(C)CC2(CC(C)(C)C3=C2C=C(O[*])C=C3)C4=CC(OC)=CC=C41,DM,300,59.0,-37.5,0,0,C(C)O,46.069,-0.31,1.2,789.0,24.6,15.8,8.8,19.4,58.5,927.1939999999996,15.97039999999996,927.1939999999996,15.97039999999996,0,0,0,1,0,0,0,0,1,0,0.8954149,0.9422585,0.9176028,0.9793055,1.0,0.9469163399999999,0.893509233205044,1.0003234467949558
89,89,89,89,89,89,89,DM300,Ethanol,OC1=C(C2=C3C=CC=CC3=CC(C3CCC4(CCCC4)CC3)=C2O)C2=C(C=CC=C2)C=C1C1CCC2(CCCC2)CC1,OC1=C(C2=C3C=CC=CC3=CC(C3CCC4(CCCC4)CC3)=C2O)C2=C(C=CC=C2)C=C1C1CCC2(CCCC2)CC1,0.5,30,25,0.078,CF,Oc(c([*])c1)c(c2c(O)c([*])cc3c2cccc3)c4c1cccc4,Oc(cc1)c(c2c(O)ccc3c2cccc3)c4c1cccc4,2,organocatalyst,binol,[*]C1CCC2(CCCC2)CC1,DM,300,59.0,-37.5,0,0,C(C)O,46.069,-0.31,1.2,789.0,24.6,15.8,8.8,19.4,58.5,558.806,11.50719999999998,558.806,11.50719999999998,0,0,0,1,0,0,0,0,1,0,0.8990789,0.9523437,0.93773705,0.9523797,1.0,0.94830787,0.9033664176957257,0.9932493223042744
90,90,90,90,90,90,90,DM300,Ethanol,COC1=C(NC2=CC(C(F)(F)F)=CC(C(F)(F)F)=C2)C(=O)C1=O,COC1=C(NC2=CC(C(F)(F)F)=CC(C(F)(F)F)=C2)C(=O)C1=O,0.5,30,25,0.078,CF,O=c(c(OC)c1Nc2cc([*])cc([*])c2)c1=O,O=c(c(OC)c1Nc2ccccc2)c1=O,2,organocatalyst,square amide,[*]C(F)(F)F,DM,300,59.0,-37.5,0,0,C(C)O,46.069,-0.31,1.2,789.0,24.6,15.8,8.8,19.4,58.5,339.19100000000003,3.072400000000001,339.19100000000003,3.072400000000001,0,0,0,1,0,0,0,0,1,0,0.82244396,0.8921095,0.9142176,0.8853297,0.97469604,0.8977593599999999,0.8296120444606923,0.9659066755393075
91,91,91,91,91,91,91,DM300,Ethanol,COC1=C(NC2=CC(C3=CC=CC=C3)=CC(C3=CC=CC=C3)=C2)C(=O)C1=O,COC1=C(NC2=CC(C3=CC=CC=C3)=CC(C3=CC=CC=C3)=C2)C(=O)C1=O,0.5,30,25,0.078,CF,O=c(c(OC)c1Nc2cc([*])cc([*])c2)c1=O,O=c(c(OC)c1Nc2ccccc2)c1=O,2,organocatalyst,square amide,[*]c1ccccc1,DM,300,59.0,-37.5,0,0,C(C)O,46.069,-0.31,1.2,789.0,24.6,15.8,8.8,19.4,58.5,355.39300000000014,4.368800000000003,355.39300000000014,4.368800000000003,0,0,0,1,0,0,0,0,1,0,0.8584533,0.94469684,0.8961427,0.897581,0.9776169,0.914898148,0.8571264856095224,0.9726698103904776
92,92,92,92,92,92,92,DM300,Ethanol,COC1=C(NC2=CC(C(C)(C)C)=CC(C(C)(C)C)=C2)C(=O)C1=O,COC1=C(NC2=CC(C(C)(C)C)=CC(C(C)(C)C)=C2)C(=O)C1=O,0.5,30,25,0.078,CF,O=c(c(OC)c1Nc2cc([*])cc([*])c2)c1=O,O=c(c(OC)c1Nc2ccccc2)c1=O,2,organocatalyst,square amide,[*]C(C)(C)C,DM,300,59.0,-37.5,0,0,C(C)O,46.069,-0.31,1.2,789.0,24.6,15.8,8.8,19.4,58.5,315.41300000000007,3.629800000000002,315.41300000000007,3.629800000000002,0,0,0,1,0,0,0,0,1,0,0.8490577,0.904939,0.90214056,0.88572264,0.9910058,0.9065731400000001,0.8417743329933906,0.9713719470066097
93,93,93,93,93,93,93,DM300,Ethanol,COC1=C(NC2=CC(C(C)C)=CC(C(C)C)=C2)C(=O)C1=O,COC1=C(NC2=CC(C(C)C)=CC(C(C)C)=C2)C(=O)C1=O,0.5,30,25,0.078,CF,O=c(c(OC)c1Nc2cc([*])cc([*])c2)c1=O,O=c(c(OC)c1Nc2ccccc2)c1=O,2,organocatalyst,square amide,[*]C(C)C,DM,300,59.0,-37.5,0,0,C(C)O,46.069,-0.31,1.2,789.0,24.6,15.8,8.8,19.4,58.5,287.35900000000004,3.281600000000002,287.35900000000004,3.281600000000002,0,0,0,1,0,0,0,0,1,0,0.793208,0.8990684,0.91146356,0.8809916,0.94964236,0.8868747840000001,0.8147375811325989,0.9590119868674013
94,94,94,94,94,94,94,DM300,Ethanol,COC1=CC(OC)=CC(NC2=C(OC)C(=O)C2=O)=C1,COC1=CC(OC)=CC(NC2=C(OC)C(=O)C2=O)=C1,0.5,30,25,0.078,CF,O=c(c(OC)c1Nc2cc([*])cc([*])c2)c1=O,O=c(c(OC)c1Nc2ccccc2)c1=O,2,organocatalyst,square amide,[*]OC,DM,300,59.0,-37.5,0,0,C(C)O,46.069,-0.31,1.2,789.0,24.6,15.8,8.8,19.4,58.5,263.249,1.0519999999999998,263.249,1.0519999999999998,0,0,0,1,0,0,0,0,1,0,0.7622677,0.78510684,0.84427196,0.8437166,0.8773763,0.8225478799999999,0.7637759159114641,0.8813198440885357
95,95,95,95,95,95,95,DM300,Ethanol,CCCCCCCCC1=CC(CCCCCCCC)=CC(NC2=C(OC)C(=O)C2=O)=C1,CCCCCCCCC1=CC(CCCCCCCC)=CC(NC2=C(OC)C(=O)C2=O)=C1,0.5,30,25,0.078,CF,O=c(c(OC)c1Nc2cc([*])cc([*])c2)c1=O,O=c(c(OC)c1Nc2ccccc2)c1=O,2,organocatalyst,square amide,[*]CCCCCCCC,DM,300,59.0,-37.5,0,0,C(C)O,46.069,-0.31,1.2,789.0,24.6,15.8,8.8,19.4,58.5,427.6290000000001,6.840800000000007,427.6290000000001,6.840800000000007,0,0,0,1,0,0,0,0,1,0,0.842947,0.9359517,0.9133694,0.9142797,0.990046,0.9193187600000001,0.8536969941751749,0.9849405258248254
96,96,96,96,96,96,96,DM300,Ethanol,COC1=C(NC2=CC(C3CCCCC3)=CC(C3CCCCC3)=C2)C(=O)C1=O,COC1=C(NC2=CC(C3CCCCC3)=CC(C3CCCCC3)=C2)C(=O)C1=O,0.5,30,25,0.078,CF,O=c(c(OC)c1Nc2cc([*])cc([*])c2)c1=O,O=c(c(OC)c1Nc2ccccc2)c1=O,2,organocatalyst,square amide,[*]C1CCCCC1,DM,300,59.0,-37.5,0,0,C(C)O,46.069,-0.31,1.2,789.0,24.6,15.8,8.8,19.4,58.5,367.48900000000015,5.130200000000004,367.48900000000015,5.130200000000004,0,0,0,1,0,0,0,0,1,0,0.8163253,0.93488944,0.92100215,0.902985,1.0,0.9150403780000002,0.8328236919442633,0.997257064055737
97,97,97,97,97,97,97,DM300,Ethanol,COC1=C(NC2=CC(C3CCCCCCC3)=CC(C3CCCCCCC3)=C2)C(=O)C1=O,COC1=C(NC2=CC(C3CCCCCCC3)=CC(C3CCCCCCC3)=C2)C(=O)C1=O,0.5,30,25,0.078,CF,O=c(c(OC)c1Nc2cc([*])cc([*])c2)c1=O,O=c(c(OC)c1Nc2ccccc2)c1=O,2,organocatalyst,square amide,[*]C1CCCCCCC1,DM,300,59.0,-37.5,0,0,C(C)O,46.069,-0.31,1.2,789.0,24.6,15.8,8.8,19.4,58.5,423.59700000000026,6.690600000000006,423.59700000000026,6.690600000000006,0,0,0,1,0,0,0,0,1,0,0.8421361,0.93661714,0.9241891,0.918296,1.0,0.9242476679999999,0.854368468946852,0.9941268670531478
98,98,98,98,98,98,98,DM300,Ethanol,CCCCCCC1=CC(CCCCCC)=CC(NC2=C(OC)C(=O)C2=O)=C1,CCCCCCC1=CC(CCCCCC)=CC(NC2=C(OC)C(=O)C2=O)=C1,0.5,30,25,0.078,CF,O=c(c(OC)c1Nc2cc([*])cc([*])c2)c1=O,O=c(c(OC)c1Nc2ccccc2)c1=O,2,organocatalyst,square amide,[*]CCCCCC,DM,300,59.0,-37.5,0,0,C(C)O,46.069,-0.31,1.2,789.0,24.6,15.8,8.8,19.4,58.5,371.5210000000001,5.280400000000004,371.5210000000001,5.280400000000004,0,0,0,1,0,0,0,0,1,0,0.81824887,0.92999476,0.89992666,0.9012834,0.9769981,0.905290358,0.8334953491999506,0.9770853668000494
99,99,99,99,99,99,99,DM300,Ethanol,COC1=C(NC2=CC(C3=CC=NC=C3)=CC(C3=CC=NC=C3)=C2)C(=O)C1=O,COC1=C(NC2=CC(C3=CC=NC=C3)=CC(C3=CC=NC=C3)=C2)C(=O)C1=O,0.5,30,25,0.078,CF,O=c(c(OC)c1Nc2cc([*])cc([*])c2)c1=O,O=c(c(OC)c1Nc2ccccc2)c1=O,2,organocatalyst,square amide,[*]c1ccncc1,DM,300,59.0,-37.5,0,0,C(C)O,46.069,-0.31,1.2,789.0,24.6,15.8,8.8,19.4,58.5,357.36900000000014,3.158800000000002,357.36900000000014,3.158800000000002,0,0,0,1,0,0,0,0,1,0,0.84188014,0.9335016,0.89769554,0.9123353,0.9778129,0.912645096,0.8508322342148831,0.9744579577851169
100,100,100,100,100,100,100,DM300,Ethanol,COC1=C(NC2=CC(N3CCCCC3)=CC(N3CCCCC3)=C2)C(=O)C1=O,COC1=C(NC2=CC(N3CCCCC3)=CC(N3CCCCC3)=C2)C(=O)C1=O,0.5,30,25,0.078,CF,O=c(c(OC)c1Nc2cc([*])cc([*])c2)c1=O,O=c(c(OC)c1Nc2ccccc2)c1=O,2,organocatalyst,square amide,[*]N1CCCCC1,DM,300,59.0,-37.5,0,0,C(C)O,46.069,-0.31,1.2,789.0,24.6,15.8,8.8,19.4,58.5,369.4650000000002,3.0154000000000014,369.4650000000002,3.0154000000000014,0,0,0,1,0,0,0,0,1,0,0.8400773,0.97834337,0.9063666,0.9119129,1.0,0.927340034,0.8483857331558017,1.0062943348441982
101,101,101,101,101,101,101,DM300,Ethanol,COC1=C(NC2=CC(O)=CC(O)=C2)C(=O)C1=O,COC1=C(NC2=CC(O)=CC(O)=C2)C(=O)C1=O,0.5,30,25,0.078,CF,O=c(c(OC)c1Nc2cc([*])cc([*])c2)c1=O,O=c(c(OC)c1Nc2ccccc2)c1=O,2,organocatalyst,square amide,[*]O,DM,300,59.0,-37.5,0,0,C(C)O,46.069,-0.31,1.2,789.0,24.6,15.8,8.8,19.4,58.5,235.195,0.4459999999999998,235.195,0.4459999999999998,0,0,0,1,0,0,0,0,1,0,0.8582376,0.8404642,0.8951215,0.8911799,0.8615015,0.8693009399999999,0.8404460969813645,0.8981557830186353
102,102,102,102,102,102,102,DM300,Ethanol,COC1=C(NC2=CC(N)=CC(N)=C2)C(=O)C1=O,COC1=C(NC2=CC(N)=CC(N)=C2)C(=O)C1=O,0.5,30,25,0.078,CF,O=c(c(OC)c1Nc2cc([*])cc([*])c2)c1=O,O=c(c(OC)c1Nc2ccccc2)c1=O,2,organocatalyst,square amide,[*]N,DM,300,59.0,-37.5,0,0,C(C)O,46.069,-0.31,1.2,789.0,24.6,15.8,8.8,19.4,58.5,233.227,0.1991999999999997,233.227,0.1991999999999997,0,0,0,1,0,0,0,0,1,0,0.80134624,0.7955378,0.8713697,0.86478,0.85077775,0.836762298,0.7922834516041785,0.8812411443958216
103,103,103,103,103,103,103,DM300,Ethanol,COC1=C(NC2=CC(C34CC5CC(CC(C5)C3)C4)=CC(C34CC5CC(CC(C5)C3)C4)=C2)C(=O)C1=O,COC1=C(NC2=CC(C34CC5CC(CC(C5)C3)C4)=CC(C34CC5CC(CC(C5)C3)C4)=C2)C(=O)C1=O,0.5,30,25,0.078,CF,O=c(c(OC)c1Nc2cc([*])cc([*])c2)c1=O,O=c(c(OC)c1Nc2ccccc2)c1=O,2,organocatalyst,square amide,[*]C12CC3CC(CC(C2)C3)C1,DM,300,59.0,-37.5,0,0,C(C)O,46.069,-0.31,1.2,789.0,24.6,15.8,8.8,19.4,58.5,471.6410000000004,5.970400000000006,471.6410000000004,5.970400000000006,0,0,0,1,0,0,0,0,1,0,0.84317076,0.9530717,0.947644,0.92189825,1.0,0.9331569420000001,0.8615625002113261,1.0047513837886741
104,104,104,104,104,104,104,DM300,Ethanol,COC1=C(NC2=CC(C3CCCCCCCCC3)=CC(C3CCCCCCCCC3)=C2)C(=O)C1=O,COC1=C(NC2=CC(C3CCCCCCCCC3)=CC(C3CCCCCCCCC3)=C2)C(=O)C1=O,0.5,30,25,0.078,CF,O=c(c(OC)c1Nc2cc([*])cc([*])c2)c1=O,O=c(c(OC)c1Nc2ccccc2)c1=O,2,organocatalyst,square amide,[*]C1CCCCCCCCC1,DM,300,59.0,-37.5,0,0,C(C)O,46.069,-0.31,1.2,789.0,24.6,15.8,8.8,19.4,58.5,479.7050000000004,8.251000000000005,479.7050000000004,8.251000000000005,0,0,0,1,0,0,0,0,1,0,0.8628063,0.9334332,0.9269681,0.9295738,1.0,0.93055628,0.8702536851148938,0.9908588748851063
105,105,105,105,105,105,105,DM300,Ethanol,CCCCCCCCCCC1=CC(CCCCCCCCCC)=CC(NC2=C(OC)C(=O)C2=O)=C1,CCCCCCCCCCC1=CC(CCCCCCCCCC)=CC(NC2=C(OC)C(=O)C2=O)=C1,0.5,30,25,0.078,CF,O=c(c(OC)c1Nc2cc([*])cc([*])c2)c1=O,O=c(c(OC)c1Nc2ccccc2)c1=O,2,organocatalyst,square amide,[*]CCCCCCCCCC,DM,300,59.0,-37.5,0,0,C(C)O,46.069,-0.31,1.2,789.0,24.6,15.8,8.8,19.4,58.5,483.7370000000003,8.401200000000006,483.7370000000003,8.401200000000006,0,0,0,1,0,0,0,0,1,0,0.8645724,0.9323175,0.9248773,0.9249528,0.9994884,0.92924168,0.8698114188003115,0.9886719411996884
106,106,106,106,106,106,106,DM300,Ethanol,COC1=CC=C2C(=C1)C1(CC2(C)C)CC(C)(C)C2=C1C=C(OC1=CC(OC3=CC4=C(C=C3)C(C)(C)CC43CC(C)(C)C4=CC=C(OC)C=C43)=CC(NC3=C(OC)C(=O)C3=O)=C1)C=C2,COC1=CC=C2C(=C1)C1(CC2(C)C)CC(C)(C)C2=C1C=C(OC1=CC(OC3=CC4=C(C=C3)C(C)(C)CC43CC(C)(C)C4=CC=C(OC)C=C43)=CC(NC3=C(OC)C(=O)C3=O)=C1)C=C2,0.5,30,25,0.078,CF,O=c(c(OC)c1Nc2cc([*])cc([*])c2)c1=O,O=c(c(OC)c1Nc2ccccc2)c1=O,2,organocatalyst,square amide,CC1(C)CC2(CC(C)(C)C3=C2C=C(O[*])C=C3)C4=CC(OC)=CC=C41,DM,300,59.0,-37.5,0,0,C(C)O,46.069,-0.31,1.2,789.0,24.6,15.8,8.8,19.4,58.5,844.061,11.933999999999989,844.061,11.933999999999989,0,0,0,1,0,0,0,0,1,0,0.9034366,0.9277337,0.9098525,0.9540426,1.0,0.9390130799999999,0.8901739164449995,0.9878522435550003
107,107,107,107,107,107,107,DM300,Ethanol,COC1=C(NC2=CC(C3CCC4(CCCC4)CC3)=CC(C3CCC4(CCCC4)CC3)=C2)C(=O)C1=O,COC1=C(NC2=CC(C3CCC4(CCCC4)CC3)=CC(C3CCC4(CCCC4)CC3)=C2)C(=O)C1=O,0.5,30,25,0.078,CF,O=c(c(OC)c1Nc2cc([*])cc([*])c2)c1=O,O=c(c(OC)c1Nc2ccccc2)c1=O,2,organocatalyst,square amide,[*]C1CCC2(CCCC2)CC1,DM,300,59.0,-37.5,0,0,C(C)O,46.069,-0.31,1.2,789.0,24.6,15.8,8.8,19.4,58.5,475.67300000000034,7.470800000000007,475.67300000000034,7.470800000000007,0,0,0,1,0,0,0,0,1,0,0.86350656,0.9481069,0.91130054,0.92777413,1.0,0.9301376260000002,0.8680427338585694,0.9922325181414309
108,108,108,108,108,108,108,DM300,Ethanol,FC(F)(F)C1=CC=NC=C1,FC(F)(F)C1=CC=NC=C1,0.5,30,25,0.078,CF,[*]c1ccncc1,c1cccnc1,1,organocatalyst,pyridine,[*]C(F)(F)F,DM,300,59.0,-37.5,0,0,C(C)O,46.069,-0.31,1.2,789.0,24.6,15.8,8.8,19.4,58.5,147.09900000000002,2.1004,147.09900000000002,2.1004,0,0,0,1,0,0,0,0,1,0,0.6223279,0.7298401,0.68235266,0.42767584,0.5206208,0.59656346,0.4443942926034281,0.748732627396572
109,109,109,109,109,109,109,DM300,Ethanol,C1=CC=C(C2=CC=NC=C2)C=C1,C1=CC=C(C2=CC=NC=C2)C=C1,0.5,30,25,0.078,CF,[*]c1ccncc1,c1cccnc1,1,organocatalyst,pyridine,[*]c1ccccc1,DM,300,59.0,-37.5,0,0,C(C)O,46.069,-0.31,1.2,789.0,24.6,15.8,8.8,19.4,58.5,155.2,2.7486000000000006,155.2,2.7486000000000006,0,0,0,1,0,0,0,0,1,0,0.72673464,0.42426503,0.6051993,0.5223471,0.5442145,0.5645521139999999,0.42596506581003907,0.7031391621899608
110,110,110,110,110,110,110,DM300,Ethanol,CC(C)(C)C1=CC=NC=C1,CC(C)(C)C1=CC=NC=C1,0.5,30,25,0.078,CF,[*]c1ccncc1,c1cccnc1,1,organocatalyst,pyridine,[*]C(C)(C)C,DM,300,59.0,-37.5,0,0,C(C)O,46.069,-0.31,1.2,789.0,24.6,15.8,8.8,19.4,58.5,135.20999999999998,2.3791,135.20999999999998,2.3791,0,0,0,1,0,0,0,0,1,0,0.59299076,0.6899693,0.6247077,0.719753,0.57939446,0.641363044,0.5654158835630834,0.7173102044369166
111,111,111,111,111,111,111,DM300,Ethanol,CC(C)C1=CC=NC=C1,CC(C)C1=CC=NC=C1,0.5,30,25,0.078,CF,[*]c1ccncc1,c1cccnc1,1,organocatalyst,pyridine,[*]C(C)C,DM,300,59.0,-37.5,0,0,C(C)O,46.069,-0.31,1.2,789.0,24.6,15.8,8.8,19.4,58.5,121.18299999999996,2.205,121.18299999999996,2.205,0,0,0,1,0,0,0,0,1,0,0.5663186,0.5507637,0.58664435,0.5854895,0.5431307,0.5664693699999999,0.5419470602142344,0.5909916797857653
112,112,112,112,112,112,112,DM300,Ethanol,COC1=CC=NC=C1,COC1=CC=NC=C1,0.5,30,25,0.078,CF,[*]c1ccncc1,c1cccnc1,1,organocatalyst,pyridine,[*]OC,DM,300,59.0,-37.5,0,0,C(C)O,46.069,-0.31,1.2,789.0,24.6,15.8,8.8,19.4,58.5,109.128,1.0901999999999998,109.128,1.0901999999999998,0,0,0,1,0,0,0,0,1,0,0.29378664,0.19816029,0.37678763,0.3007062,0.41829842,0.317547836,0.21225931455554944,0.4228363574444506
113,113,113,113,113,113,113,DM300,Ethanol,CCCCCCCCC1=CC=NC=C1,CCCCCCCCC1=CC=NC=C1,0.5,30,25,0.078,CF,[*]c1ccncc1,c1cccnc1,1,organocatalyst,pyridine,[*]CCCCCCCC,DM,300,59.0,-37.5,0,0,C(C)O,46.069,-0.31,1.2,789.0,24.6,15.8,8.8,19.4,58.5,191.31800000000004,3.984600000000003,191.31800000000004,3.984600000000003,0,0,0,1,0,0,0,0,1,0,0.7003478,0.65013206,0.706305,0.73887146,0.7320169,0.705534644,0.6620338699625241,0.7490354180374759
114,114,114,114,114,114,114,DM300,Ethanol,C1=NC=CC(C2CCCCC2)=C1,C1=NC=CC(C2CCCCC2)=C1,0.5,30,25,0.078,CF,[*]c1ccncc1,c1cccnc1,1,organocatalyst,pyridine,[*]C1CCCCC1,DM,300,59.0,-37.5,0,0,C(C)O,46.069,-0.31,1.2,789.0,24.6,15.8,8.8,19.4,58.5,161.248,3.129300000000001,161.248,3.129300000000001,0,0,0,1,0,0,0,0,1,0,0.64971095,0.5044706,0.6644695,0.73795587,0.61262786,0.633846956,0.527729052038477,0.739964859961523
115,115,115,115,115,115,115,DM300,Ethanol,C1=NC=CC(C2CCCCCCC2)=C1,C1=NC=CC(C2CCCCCCC2)=C1,0.5,30,25,0.078,CF,[*]c1ccncc1,c1cccnc1,1,organocatalyst,pyridine,[*]C1CCCCCCC1,DM,300,59.0,-37.5,0,0,C(C)O,46.069,-0.31,1.2,789.0,24.6,15.8,8.8,19.4,58.5,189.302,3.909500000000003,189.302,3.909500000000003,0,0,0,1,0,0,0,0,1,0,0.7081482,0.623833,0.7219303,0.7853655,0.69882226,0.707619852,0.6358953806227402,0.7793443233772598
116,116,116,116,116,116,116,DM300,Ethanol,CCCCCCC1=CC=NC=C1,CCCCCCC1=CC=NC=C1,0.5,30,25,0.078,CF,[*]c1ccncc1,c1cccnc1,1,organocatalyst,pyridine,[*]CCCCCC,DM,300,59.0,-37.5,0,0,C(C)O,46.069,-0.31,1.2,789.0,24.6,15.8,8.8,19.4,58.5,163.26399999999998,3.204400000000001,163.26399999999998,3.204400000000001,0,0,0,1,0,0,0,0,1,0,0.6399948,0.54947096,0.637594,0.6624133,0.64098114,0.62609084,0.5714812951132238,0.6807003848867763
117,117,117,117,117,117,117,DM300,Ethanol,C1=NC=CC(C2=CC=NC=C2)=C1,C1=NC=CC(C2=CC=NC=C2)=C1,0.5,30,25,0.078,CF,[*]c1ccncc1,c1cccnc1,1,organocatalyst,pyridine,[*]c1ccncc1,DM,300,59.0,-37.5,0,0,C(C)O,46.069,-0.31,1.2,789.0,24.6,15.8,8.8,19.4,58.5,156.18800000000002,2.1436,156.18800000000002,2.1436,0,0,0,1,0,0,0,0,1,0,0.6313721,0.52760565,0.6806514,0.5709798,0.57385975,0.59689374,0.5228947342674384,0.6708927457325615
118,118,118,118,118,118,118,DM300,Ethanol,C1=NC=CC(N2CCCCC2)=C1,C1=NC=CC(N2CCCCC2)=C1,0.5,30,25,0.078,CF,[*]c1ccncc1,c1cccnc1,1,organocatalyst,pyridine,[*]N1CCCCC1,DM,300,59.0,-37.5,0,0,C(C)O,46.069,-0.31,1.2,789.0,24.6,15.8,8.8,19.4,58.5,162.236,2.0719,162.236,2.0719,0,0,0,1,0,0,0,0,1,0,0.66180956,0.7907242,0.7465863,0.6118634,0.69339204,0.7008751,0.6138089291497968,0.7879412708502032
119,119,119,119,119,119,119,DM300,Ethanol,OC1=CC=NC=C1,OC1=CC=NC=C1,0.5,30,25,0.078,CF,[*]c1ccncc1,c1cccnc1,1,organocatalyst,pyridine,[*]O,DM,300,59.0,-37.5,0,0,C(C)O,46.069,-0.31,1.2,789.0,24.6,15.8,8.8,19.4,58.5,95.10099999999998,0.7871999999999999,95.10099999999998,0.7871999999999999,0,0,0,1,0,0,0,0,1,0,0.3529404,0.3457712,0.65325105,0.2588928,0.52187085,0.42654526,0.22969945808207154,0.6233910619179284
120,120,120,120,120,120,120,DM300,Ethanol,NC1=CC=NC=C1,NC1=CC=NC=C1,0.5,30,25,0.078,CF,[*]c1ccncc1,c1cccnc1,1,organocatalyst,pyridine,[*]N,DM,300,59.0,-37.5,0,0,C(C)O,46.069,-0.31,1.2,789.0,24.6,15.8,8.8,19.4,58.5,94.117,0.6638000000000001,94.117,0.6638000000000001,0,0,0,1,0,0,0,0,1,0,0.28894144,0.3463077,0.44858462,0.23868352,0.47961926,0.360427308,0.23302874603968377,0.48782586996031624
121,121,121,121,121,121,121,DM300,Ethanol,C1=NC=CC(C23CC4CC(CC(C4)C2)C3)=C1,C1=NC=CC(C23CC4CC(CC(C4)C2)C3)=C1,0.5,30,25,0.078,CF,[*]c1ccncc1,c1cccnc1,1,organocatalyst,pyridine,[*]C12CC3CC(CC(C2)C3)C1,DM,300,59.0,-37.5,0,0,C(C)O,46.069,-0.31,1.2,789.0,24.6,15.8,8.8,19.4,58.5,213.324,3.549400000000002,213.324,3.549400000000002,0,0,0,1,0,0,0,0,1,0,0.6807256,0.620366,0.8515686,0.8483454,0.82425946,0.7650530119999999,0.631937863288489,0.8981681607115107
122,122,122,122,122,122,122,DM300,Ethanol,C1=NC=CC(C2CCCCCCCCC2)=C1,C1=NC=CC(C2CCCCCCCCC2)=C1,0.5,30,25,0.078,CF,[*]c1ccncc1,c1cccnc1,1,organocatalyst,pyridine,[*]C1CCCCCCCCC1,DM,300,59.0,-37.5,0,0,C(C)O,46.069,-0.31,1.2,789.0,24.6,15.8,8.8,19.4,58.5,217.356,4.689700000000005,217.356,4.689700000000005,0,0,0,1,0,0,0,0,1,0,0.7415248,0.71113116,0.7649165,0.8179197,0.7726643,0.761631292,0.7125288611150826,0.8107337228849174
123,123,123,123,123,123,123,DM300,Ethanol,CCCCCCCCCCC1=CC=NC=C1,CCCCCCCCCCC1=CC=NC=C1,0.5,30,25,0.078,CF,[*]c1ccncc1,c1cccnc1,1,organocatalyst,pyridine,[*]CCCCCCCCCC,DM,300,59.0,-37.5,0,0,C(C)O,46.069,-0.31,1.2,789.0,24.6,15.8,8.8,19.4,58.5,219.372,4.764800000000005,219.372,4.764800000000005,0,0,0,1,0,0,0,0,1,0,0.7388777,0.72557825,0.76342714,0.7886317,0.803426,0.7639881580000001,0.7234253572468942,0.804550958753106
124,124,124,124,124,124,124,DM300,Ethanol,COC1=CC=C2C(=C1)C1(CC2(C)C)CC(C)(C)C2=C1C=C(OC1=CC=NC=C1)C=C2,COC1=CC=C2C(=C1)C1(CC2(C)C)CC(C)(C)C2=C1C=C(OC1=CC=NC=C1)C=C2,0.5,30,25,0.078,CF,[*]c1ccncc1,c1cccnc1,1,organocatalyst,pyridine,CC1(C)CC2(CC(C)(C)C3=C2C=C(O[*])C=C3)C4=CC(OC)=CC=C41,DM,300,59.0,-37.5,0,0,C(C)O,46.069,-0.31,1.2,789.0,24.6,15.8,8.8,19.4,58.5,399.5340000000001,6.531200000000007,399.5340000000001,6.531200000000007,0,0,0,1,0,0,0,0,1,0,0.93811476,0.8951508,0.95326364,0.9251601,1.0,0.94233786,0.8943132896466092,0.9903624303533908
125,125,125,125,125,125,125,DM300,Ethanol,C1=NC=CC(C2CCC3(CCCC3)CC2)=C1,C1=NC=CC(C2CCC3(CCCC3)CC2)=C1,0.5,30,25,0.078,CF,[*]c1ccncc1,c1cccnc1,1,organocatalyst,pyridine,[*]C1CCC2(CCCC2)CC1,DM,300,59.0,-37.5,0,0,C(C)O,46.069,-0.31,1.2,789.0,24.6,15.8,8.8,19.4,58.5,215.33999999999992,4.299600000000003,215.33999999999992,4.299600000000003,0,0,0,1,0,0,0,0,1,0,0.7451297,0.72321564,0.8162868,0.8602649,0.8049395,0.789967308,0.7210442464462785,0.8588903695537216
126,126,126,126,126,126,126,DM300,Ethanol,C=C[C@H]1C[N@@]2CC[C@H]1C[C@H]2[C@@H](C1=C2C=C(OC)C=CC2=NC=C1)C(F)(F)F,C=C[C@H]1C[N@@]2CC[C@H]1C[C@H]2[C@@H](C1=C2C=C(OC)C=CC2=NC=C1)C(F)(F)F,0.5,30,25,0.078,CF,[H][C@@]1([C@@H](c(ccn2)c3c2ccc(OC)c3)[*])C[C@@H]4CC[N@]1C[C@@H]4C=C,[H][C@]1(C[C@@H]2CC[N@]1C[C@@H]2C=C)Cc3c4cc(OC)ccc4ncc3,1,organocatalyst,quinidine,[*]C(F)(F)F,DM,300,59.0,-37.5,0,0,C(C)O,46.069,-0.31,1.2,789.0,24.6,15.8,8.8,19.4,58.5,376.422,4.785700000000005,376.422,4.785700000000005,0,0,0,1,0,0,0,0,1,0,0.80403316,0.8565757,0.89070904,0.8619932,0.9766158,0.8779853799999999,0.7992769408127559,0.9566938191872439
127,127,127,127,127,127,127,DM300,Ethanol,C=C[C@H]1C[N@@]2CC[C@H]1C[C@H]2[C@H](C1=CC=CC=C1)C1=C2C=C(OC)C=CC2=NC=C1,C=C[C@H]1C[N@@]2CC[C@H]1C[C@H]2[C@H](C1=CC=CC=C1)C1=C2C=C(OC)C=CC2=NC=C1,0.5,30,25,0.078,CF,[H][C@@]1([C@@H](c(ccn2)c3c2ccc(OC)c3)[*])C[C@@H]4CC[N@]1C[C@@H]4C=C,[H][C@]1(C[C@@H]2CC[N@]1C[C@@H]2C=C)Cc3c4cc(OC)ccc4ncc3,1,organocatalyst,quinidine,[*]c1ccccc1,DM,300,59.0,-37.5,0,0,C(C)O,46.069,-0.31,1.2,789.0,24.6,15.8,8.8,19.4,58.5,384.52300000000014,5.2717000000000045,384.52300000000014,5.2717000000000045,0,0,0,1,0,0,0,0,1,0,0.82583606,0.86829317,0.86202073,0.876932,1.0,0.886616392,0.8042898416036544,0.9689429423963456
128,128,128,128,128,128,128,DM300,Ethanol,C=C[C@H]1C[N@@]2CC[C@H]1C[C@H]2[C@@H](C1=C2C=C(OC)C=CC2=NC=C1)C(C)(C)C,C=C[C@H]1C[N@@]2CC[C@H]1C[C@H]2[C@@H](C1=C2C=C(OC)C=CC2=NC=C1)C(C)(C)C,0.5,30,25,0.078,CF,[H][C@@]1([C@@H](c(ccn2)c3c2ccc(OC)c3)[*])C[C@@H]4CC[N@]1C[C@@H]4C=C,[H][C@]1(C[C@@H]2CC[N@]1C[C@@H]2C=C)Cc3c4cc(OC)ccc4ncc3,1,organocatalyst,quinidine,[*]C(C)(C)C,DM,300,59.0,-37.5,0,0,C(C)O,46.069,-0.31,1.2,789.0,24.6,15.8,8.8,19.4,58.5,364.5330000000001,5.269500000000005,364.5330000000001,5.269500000000005,0,0,0,1,0,0,0,0,1,0,0.82688785,0.85993004,0.90046203,0.90683234,0.9754847,0.8939193919999999,0.8244778592949857,0.9633609247050141
129,129,129,129,129,129,129,DM300,Ethanol,C=C[C@H]1C[N@@]2CC[C@H]1C[C@H]2[C@@H](C1=C2C=C(OC)C=CC2=NC=C1)C(C)C,C=C[C@H]1C[N@@]2CC[C@H]1C[C@H]2[C@@H](C1=C2C=C(OC)C=CC2=NC=C1)C(C)C,0.5,30,25,0.078,CF,[H][C@@]1([C@@H](c(ccn2)c3c2ccc(OC)c3)[*])C[C@@H]4CC[N@]1C[C@@H]4C=C,[H][C@]1(C[C@@H]2CC[N@]1C[C@@H]2C=C)Cc3c4cc(OC)ccc4ncc3,1,organocatalyst,quinidine,[*]C(C)C,DM,300,59.0,-37.5,0,0,C(C)O,46.069,-0.31,1.2,789.0,24.6,15.8,8.8,19.4,58.5,350.5060000000001,4.879400000000005,350.5060000000001,4.879400000000005,0,0,0,1,0,0,0,0,1,0,0.809124,0.83119607,0.8893002,0.86126846,0.95885074,0.869947894,0.797667449401177,0.9422283385988232
130,130,130,130,130,130,130,DM300,Ethanol,C=C[C@H]1C[N@@]2CC[C@H]1C[C@H]2[C@H](OC)C1=C2C=C(OC)C=CC2=NC=C1,C=C[C@H]1C[N@@]2CC[C@H]1C[C@H]2[C@H](OC)C1=C2C=C(OC)C=CC2=NC=C1,0.5,30,25,0.078,CF,[H][C@@]1([C@@H](c(ccn2)c3c2ccc(OC)c3)[*])C[C@@H]4CC[N@]1C[C@@H]4C=C,[H][C@]1(C[C@@H]2CC[N@]1C[C@@H]2C=C)Cc3c4cc(OC)ccc4ncc3,1,organocatalyst,quinidine,[*]OC,DM,300,59.0,-37.5,0,0,C(C)O,46.069,-0.31,1.2,789.0,24.6,15.8,8.8,19.4,58.5,338.451,3.827300000000003,338.451,3.827300000000003,0,0,0,1,0,0,0,0,1,0,0.7941917,0.8446089,0.8357722,0.84110993,0.99954605,0.863045756,0.7650050873900164,0.9610864246099836
131,131,131,131,131,131,131,DM300,Ethanol,C=C[C@H]1C[N@@]2CC[C@H]1C[C@H]2[C@H](CCCCCCCC)C1=C2C=C(OC)C=CC2=NC=C1,C=C[C@H]1C[N@@]2CC[C@H]1C[C@H]2[C@H](CCCCCCCC)C1=C2C=C(OC)C=CC2=NC=C1,0.5,30,25,0.078,CF,[H][C@@]1([C@@H](c(ccn2)c3c2ccc(OC)c3)[*])C[C@@H]4CC[N@]1C[C@@H]4C=C,[H][C@]1(C[C@@H]2CC[N@]1C[C@@H]2C=C)Cc3c4cc(OC)ccc4ncc3,1,organocatalyst,quinidine,[*]CCCCCCCC,DM,300,59.0,-37.5,0,0,C(C)O,46.069,-0.31,1.2,789.0,24.6,15.8,8.8,19.4,58.5,420.6410000000001,6.974000000000008,420.6410000000001,6.974000000000008,0,0,0,1,0,0,0,0,1,0,0.845242,0.9004849,0.8950852,0.9060385,1.0,0.90937012,0.8396257949475184,0.9791144450524815
132,132,132,132,132,132,132,DM300,Ethanol,C=C[C@H]1C[N@@]2CC[C@H]1C[C@H]2[C@@H](C1=C2C=C(OC)C=CC2=NC=C1)C1CCCCC1,C=C[C@H]1C[N@@]2CC[C@H]1C[C@H]2[C@@H](C1=C2C=C(OC)C=CC2=NC=C1)C1CCCCC1,0.5,30,25,0.078,CF,[H][C@@]1([C@@H](c(ccn2)c3c2ccc(OC)c3)[*])C[C@@H]4CC[N@]1C[C@@H]4C=C,[H][C@]1(C[C@@H]2CC[N@]1C[C@@H]2C=C)Cc3c4cc(OC)ccc4ncc3,1,organocatalyst,quinidine,[*]C1CCCCC1,DM,300,59.0,-37.5,0,0,C(C)O,46.069,-0.31,1.2,789.0,24.6,15.8,8.8,19.4,58.5,390.57100000000025,5.803700000000006,390.57100000000025,5.803700000000006,0,0,0,1,0,0,0,0,1,0,0.8285685,0.8656613,0.8929155,0.89274657,0.98742914,0.893464202,0.8204941770769307,0.9664342269230692
133,133,133,133,133,133,133,DM300,Ethanol,C=C[C@H]1C[N@@]2CC[C@H]1C[C@H]2[C@@H](C1=C2C=C(OC)C=CC2=NC=C1)C1CCCCCCC1,C=C[C@H]1C[N@@]2CC[C@H]1C[C@H]2[C@@H](C1=C2C=C(OC)C=CC2=NC=C1)C1CCCCCCC1,0.5,30,25,0.078,CF,[H][C@@]1([C@@H](c(ccn2)c3c2ccc(OC)c3)[*])C[C@@H]4CC[N@]1C[C@@H]4C=C,[H][C@]1(C[C@@H]2CC[N@]1C[C@@H]2C=C)Cc3c4cc(OC)ccc4ncc3,1,organocatalyst,quinidine,[*]C1CCCCCCC1,DM,300,59.0,-37.5,0,0,C(C)O,46.069,-0.31,1.2,789.0,24.6,15.8,8.8,19.4,58.5,418.62500000000034,6.583900000000008,418.62500000000034,6.583900000000008,0,0,0,1,0,0,0,0,1,0,0.83941233,0.89148545,0.9030146,0.9081422,1.0,0.908410916,0.8363702465200468,0.9804515854799533
134,134,134,134,134,134,134,DM300,Ethanol,C=C[C@H]1C[N@@]2CC[C@H]1C[C@H]2[C@H](CCCCCC)C1=C2C=C(OC)C=CC2=NC=C1,C=C[C@H]1C[N@@]2CC[C@H]1C[C@H]2[C@H](CCCCCC)C1=C2C=C(OC)C=CC2=NC=C1,0.5,30,25,0.078,CF,[H][C@@]1([C@@H](c(ccn2)c3c2ccc(OC)c3)[*])C[C@@H]4CC[N@]1C[C@@H]4C=C,[H][C@]1(C[C@@H]2CC[N@]1C[C@@H]2C=C)Cc3c4cc(OC)ccc4ncc3,1,organocatalyst,quinidine,[*]CCCCCC,DM,300,59.0,-37.5,0,0,C(C)O,46.069,-0.31,1.2,789.0,24.6,15.8,8.8,19.4,58.5,392.5870000000001,6.193800000000007,392.5870000000001,6.193800000000007,0,0,0,1,0,0,0,0,1,0,0.83486784,0.8847461,0.87754184,0.8919173,1.0,0.897814616,0.8217260905156782,0.9739031414843218
135,135,135,135,135,135,135,DM300,Ethanol,C=C[C@H]1C[N@@]2CC[C@H]1C[C@H]2[C@H](C1=CC=NC=C1)C1=C2C=C(OC)C=CC2=NC=C1,C=C[C@H]1C[N@@]2CC[C@H]1C[C@H]2[C@H](C1=CC=NC=C1)C1=C2C=C(OC)C=CC2=NC=C1,0.5,30,25,0.078,CF,[H][C@@]1([C@@H](c(ccn2)c3c2ccc(OC)c3)[*])C[C@@H]4CC[N@]1C[C@@H]4C=C,[H][C@]1(C[C@@H]2CC[N@]1C[C@@H]2C=C)Cc3c4cc(OC)ccc4ncc3,1,organocatalyst,quinidine,[*]c1ccncc1,DM,300,59.0,-37.5,0,0,C(C)O,46.069,-0.31,1.2,789.0,24.6,15.8,8.8,19.4,58.5,385.51100000000014,4.666700000000004,385.51100000000014,4.666700000000004,0,0,0,1,0,0,0,0,1,0,0.8203056,0.85594356,0.8650982,0.88152796,1.0,0.8845750640000001,0.799764150219457,0.9693859777805431
136,136,136,136,136,136,136,DM300,Ethanol,C=C[C@H]1C[N@@]2CC[C@H]1C[C@H]2[C@@H](C1=C2C=C(OC)C=CC2=NC=C1)N1CCCCC1,C=C[C@H]1C[N@@]2CC[C@H]1C[C@H]2[C@@H](C1=C2C=C(OC)C=CC2=NC=C1)N1CCCCC1,0.5,30,25,0.078,CF,[H][C@@]1([C@@H](c(ccn2)c3c2ccc(OC)c3)[*])C[C@@H]4CC[N@]1C[C@@H]4C=C,[H][C@]1(C[C@@H]2CC[N@]1C[C@@H]2C=C)Cc3c4cc(OC)ccc4ncc3,1,organocatalyst,quinidine,[*]N1CCCCC1,DM,300,59.0,-37.5,0,0,C(C)O,46.069,-0.31,1.2,789.0,24.6,15.8,8.8,19.4,58.5,391.55900000000025,4.666800000000005,391.55900000000025,4.666800000000005,0,0,0,1,0,0,0,0,1,0,0.79978585,0.86015916,0.88213336,0.88291633,1.0,0.88499894,0.7947835310667019,0.9752143489332982
137,137,137,137,137,137,137,DM300,Ethanol,C=C[C@H]1C[N@@]2CC[C@H]1C[C@H]2[C@H](O)C1=C2C=C(OC)C=CC2=NC=C1,C=C[C@H]1C[N@@]2CC[C@H]1C[C@H]2[C@H](O)C1=C2C=C(OC)C=CC2=NC=C1,0.5,30,25,0.078,CF,[H][C@@]1([C@@H](c(ccn2)c3c2ccc(OC)c3)[*])C[C@@H]4CC[N@]1C[C@@H]4C=C,[H][C@]1(C[C@@H]2CC[N@]1C[C@@H]2C=C)Cc3c4cc(OC)ccc4ncc3,1,organocatalyst,quinidine,[*]O,DM,300,59.0,-37.5,0,0,C(C)O,46.069,-0.31,1.2,789.0,24.6,15.8,8.8,19.4,58.5,324.42400000000004,3.1732000000000014,324.42400000000004,3.1732000000000014,0,0,0,1,0,0,0,0,1,0,0.78636277,0.83256483,0.8404178,0.83506775,0.97916996,0.854716622,0.7642323680454891,0.9452008759545109
138,138,138,138,138,138,138,DM300,Ethanol,C=C[C@H]1C[N@@]2CC[C@H]1C[C@H]2[C@H](N)C1=C2C=C(OC)C=CC2=NC=C1,C=C[C@H]1C[N@@]2CC[C@H]1C[C@H]2[C@H](N)C1=C2C=C(OC)C=CC2=NC=C1,0.5,30,25,0.078,CF,[H][C@@]1([C@@H](c(ccn2)c3c2ccc(OC)c3)[*])C[C@@H]4CC[N@]1C[C@@H]4C=C,[H][C@]1(C[C@@H]2CC[N@]1C[C@@H]2C=C)Cc3c4cc(OC)ccc4ncc3,1,organocatalyst,quinidine,[*]N,DM,300,59.0,-37.5,0,0,C(C)O,46.069,-0.31,1.2,789.0,24.6,15.8,8.8,19.4,58.5,323.44,3.139600000000001,323.44,3.139600000000001,0,0,0,1,0,0,0,0,1,0,0.79292357,0.8455361,0.84904504,0.857272,0.9716591,0.863287162,0.7817484182511422,0.9448259057488578
139,139,139,139,139,139,139,DM300,Ethanol,C=C[C@H]1C[N@@]2CC[C@H]1C[C@H]2[C@@H](C1=C2C=C(OC)C=CC2=NC=C1)C12CC3CC(CC(C3)C1)C2,C=C[C@H]1C[N@@]2CC[C@H]1C[C@H]2[C@@H](C1=C2C=C(OC)C=CC2=NC=C1)C12CC3CC(CC(C3)C1)C2,0.5,30,25,0.078,CF,[H][C@@]1([C@@H](c(ccn2)c3c2ccc(OC)c3)[*])C[C@@H]4CC[N@]1C[C@@H]4C=C,[H][C@]1(C[C@@H]2CC[N@]1C[C@@H]2C=C)Cc3c4cc(OC)ccc4ncc3,1,organocatalyst,quinidine,[*]C12CC3CC(CC(C2)C3)C1,DM,300,59.0,-37.5,0,0,C(C)O,46.069,-0.31,1.2,789.0,24.6,15.8,8.8,19.4,58.5,442.64700000000033,6.439800000000007,442.64700000000033,6.439800000000007,0,0,0,1,0,0,0,0,1,0,0.8443328,0.8985949,0.93429905,0.92493856,0.9993587,0.9203048020000001,0.8503133400937939,0.9902962639062063
140,140,140,140,140,140,140,DM300,Ethanol,C=C[C@H]1C[N@@]2CC[C@H]1C[C@H]2[C@@H](C1=C2C=C(OC)C=CC2=NC=C1)C1CCCCCCCCC1,C=C[C@H]1C[N@@]2CC[C@H]1C[C@H]2[C@@H](C1=C2C=C(OC)C=CC2=NC=C1)C1CCCCCCCCC1,0.5,30,25,0.078,CF,[H][C@@]1([C@@H](c(ccn2)c3c2ccc(OC)c3)[*])C[C@@H]4CC[N@]1C[C@@H]4C=C,[H][C@]1(C[C@@H]2CC[N@]1C[C@@H]2C=C)Cc3c4cc(OC)ccc4ncc3,1,organocatalyst,quinidine,[*]C1CCCCCCCCC1,DM,300,59.0,-37.5,0,0,C(C)O,46.069,-0.31,1.2,789.0,24.6,15.8,8.8,19.4,58.5,446.6790000000004,7.364100000000008,446.6790000000004,7.364100000000008,0,0,0,1,0,0,0,0,1,0,0.8507155,0.9141011,0.91169584,0.9222048,1.0,0.919743448,0.8537229049323614,0.9857639910676386
141,141,141,141,141,141,141,DM300,Ethanol,C=C[C@H]1C[N@@]2CC[C@H]1C[C@H]2[C@H](CCCCCCCCCC)C1=C2C=C(OC)C=CC2=NC=C1,C=C[C@H]1C[N@@]2CC[C@H]1C[C@H]2[C@H](CCCCCCCCCC)C1=C2C=C(OC)C=CC2=NC=C1,0.5,30,25,0.078,CF,[H][C@@]1([C@@H](c(ccn2)c3c2ccc(OC)c3)[*])C[C@@H]4CC[N@]1C[C@@H]4C=C,[H][C@]1(C[C@@H]2CC[N@]1C[C@@H]2C=C)Cc3c4cc(OC)ccc4ncc3,1,organocatalyst,quinidine,[*]CCCCCCCCCC,DM,300,59.0,-37.5,0,0,C(C)O,46.069,-0.31,1.2,789.0,24.6,15.8,8.8,19.4,58.5,448.69500000000016,7.75420000000001,448.69500000000016,7.75420000000001,0,0,0,1,0,0,0,0,1,0,0.8556808,0.9081212,0.90904343,0.9179325,1.0,0.9181555859999999,0.8536805253335575,0.9826306466664423
142,142,142,142,142,142,142,DM300,Ethanol,C=C[C@H]1C[N@@]2CC[C@H]1C[C@H]2[C@H](OC1=CC2=C(C=C1)C(C)(C)CC21CC(C)(C)C2=CC=C(OC)C=C21)C1=C2C=C(OC)C=CC2=NC=C1,C=C[C@H]1C[N@@]2CC[C@H]1C[C@H]2[C@H](OC1=CC2=C(C=C1)C(C)(C)CC21CC(C)(C)C2=CC=C(OC)C=C21)C1=C2C=C(OC)C=CC2=NC=C1,0.5,30,25,0.078,CF,[H][C@@]1([C@@H](c(ccn2)c3c2ccc(OC)c3)[*])C[C@@H]4CC[N@]1C[C@@H]4C=C,[H][C@]1(C[C@@H]2CC[N@]1C[C@@H]2C=C)Cc3c4cc(OC)ccc4ncc3,1,organocatalyst,quinidine,CC1(C)CC2(CC(C)(C)C3=C2C=C(O[*])C=C3)C4=CC(OC)=CC=C41,DM,300,59.0,-37.5,0,0,C(C)O,46.069,-0.31,1.2,789.0,24.6,15.8,8.8,19.4,58.5,628.8570000000003,8.917200000000005,628.8570000000003,8.917200000000005,0,0,0,1,0,0,0,0,1,0,0.8853298,0.90990484,0.9437484,0.9342036,1.0,0.934637328,0.8812370890194563,0.9880375669805437
143,143,143,143,143,143,143,DM300,Ethanol,C=C[C@H]1C[N@@]2CC[C@H]1C[C@H]2[C@@H](C1=C2C=C(OC)C=CC2=NC=C1)C1CCC2(CCCC2)CC1,C=C[C@H]1C[N@@]2CC[C@H]1C[C@H]2[C@@H](C1=C2C=C(OC)C=CC2=NC=C1)C1CCC2(CCCC2)CC1,0.5,30,25,0.078,CF,[H][C@@]1([C@@H](c(ccn2)c3c2ccc(OC)c3)[*])C[C@@H]4CC[N@]1C[C@@H]4C=C,[H][C@]1(C[C@@H]2CC[N@]1C[C@@H]2C=C)Cc3c4cc(OC)ccc4ncc3,1,organocatalyst,quinidine,[*]C1CCC2(CCCC2)CC1,DM,300,59.0,-37.5,0,0,C(C)O,46.069,-0.31,1.2,789.0,24.6,15.8,8.8,19.4,58.5,444.6630000000004,6.974000000000008,444.6630000000004,6.974000000000008,0,0,0,1,0,0,0,0,1,0,0.85592955,0.91356146,0.9325864,0.93308586,1.0,0.9270326540000001,0.8630271828936777,0.9910381251063225
144,144,144,144,144,144,144,DM300,Ethanol,COC([C@@H]1CCCN1)(C(F)(F)F)C(F)(F)F,COC([C@@H]1CCCN1)(C(F)(F)F)C(F)(F)F,0.5,30,25,0.078,CF,[*]C(OC)([*])[C@H]1NCCC1,COC[C@H]1NCCC1,2,organocatalyst,proline,[*]C(F)(F)F,DM,300,59.0,-37.5,0,0,C(C)O,46.069,-0.31,1.2,789.0,24.6,15.8,8.8,19.4,58.5,251.17,2.2482,251.17,2.2482,0,0,0,1,0,0,0,0,1,0,0.8821949,0.8781192,0.7989825,0.8808894,0.9085099,0.8697391800000001,0.8183210447810698,0.9211573152189303
145,145,145,145,145,145,145,DM300,Ethanol,COC(C1=CC=CC=C1)(C1=CC=CC=C1)[C@@H]1CCCN1,COC(C1=CC=CC=C1)(C1=CC=CC=C1)[C@@H]1CCCN1,0.5,30,25,0.078,CF,[*]C(OC)([*])[C@H]1NCCC1,COC[C@H]1NCCC1,2,organocatalyst,proline,[*]c1ccccc1,DM,300,59.0,-37.5,0,0,C(C)O,46.069,-0.31,1.2,789.0,24.6,15.8,8.8,19.4,58.5,267.3719999999999,3.3286000000000016,267.3719999999999,3.3286000000000016,0,0,0,1,0,0,0,0,1,0,0.8660516,0.89692295,0.8989897,0.8864348,0.9222226,0.89412433,0.8687671318103923,0.9194815281896077
146,146,146,146,146,146,146,DM300,Ethanol,COC([C@@H]1CCCN1)(C(C)(C)C)C(C)(C)C,COC([C@@H]1CCCN1)(C(C)(C)C)C(C)(C)C,0.5,30,25,0.078,CF,[*]C(OC)([*])[C@H]1NCCC1,COC[C@H]1NCCC1,2,organocatalyst,proline,[*]C(C)(C)C,DM,300,59.0,-37.5,0,0,C(C)O,46.069,-0.31,1.2,789.0,24.6,15.8,8.8,19.4,58.5,227.392,3.215800000000001,227.392,3.215800000000001,0,0,0,1,0,0,0,0,1,0,0.92894423,0.90101635,0.8853826,0.90455824,0.95998085,0.9159764540000002,0.8798041885946488,0.9521487194053515
147,147,147,147,147,147,147,DM300,Ethanol,COC(C(C)C)(C(C)C)[C@@H]1CCCN1,COC(C(C)C)(C(C)C)[C@@H]1CCCN1,0.5,30,25,0.078,CF,[*]C(OC)([*])[C@H]1NCCC1,COC[C@H]1NCCC1,2,organocatalyst,proline,[*]C(C)C,DM,300,59.0,-37.5,0,0,C(C)O,46.069,-0.31,1.2,789.0,24.6,15.8,8.8,19.4,58.5,199.338,2.4356,199.338,2.4356,0,0,0,1,0,0,0,0,1,0,0.823061,0.90067947,0.9048097,0.8997603,0.8882656,0.8833152139999999,0.8408027357171383,0.9258276922828615
148,148,148,148,148,148,148,DM300,Ethanol,COC(OC)(OC)[C@@H]1CCCN1,COC(OC)(OC)[C@@H]1CCCN1,0.5,30,25,0.078,CF,[*]C(OC)([*])[C@H]1NCCC1,COC[C@H]1NCCC1,2,organocatalyst,proline,[*]OC,DM,300,59.0,-37.5,0,0,C(C)O,46.069,-0.31,1.2,789.0,24.6,15.8,8.8,19.4,58.5,175.22799999999998,0.3314000000000002,175.22799999999998,0.3314000000000002,0,0,0,1,0,0,0,0,1,0,0.82090366,0.899542,0.58815384,0.9064143,0.8442004,0.8118428400000001,0.65018698210112,0.9734986978988801
149,149,149,149,149,149,149,DM300,Ethanol,CCCCCCCCC(CCCCCCCC)(OC)[C@@H]1CCCN1,CCCCCCCCC(CCCCCCCC)(OC)[C@@H]1CCCN1,0.5,30,25,0.078,CF,[*]C(OC)([*])[C@H]1NCCC1,COC[C@H]1NCCC1,2,organocatalyst,proline,[*]CCCCCCCC,DM,300,59.0,-37.5,0,0,C(C)O,46.069,-0.31,1.2,789.0,24.6,15.8,8.8,19.4,58.5,339.60800000000006,6.624800000000007,339.60800000000006,6.624800000000007,0,0,0,1,0,0,0,0,1,0,0.8507291,0.9107392,0.92621195,0.90133333,0.96774715,0.9113521459999999,0.858756585669977,0.9639477063300228
150,150,150,150,150,150,150,DM300,Ethanol,COC(C1CCCCC1)(C1CCCCC1)[C@@H]1CCCN1,COC(C1CCCCC1)(C1CCCCC1)[C@@H]1CCCN1,0.5,30,25,0.078,CF,[*]C(OC)([*])[C@H]1NCCC1,COC[C@H]1NCCC1,2,organocatalyst,proline,[*]C1CCCCC1,DM,300,59.0,-37.5,0,0,C(C)O,46.069,-0.31,1.2,789.0,24.6,15.8,8.8,19.4,58.5,279.468,4.284200000000004,279.468,4.284200000000004,0,0,0,1,0,0,0,0,1,0,0.8033813,0.8835195,0.92193806,0.8919606,0.99112153,0.8983841980000001,0.814072630376098,0.9826957656239023
151,151,151,151,151,151,151,DM300,Ethanol,COC(C1CCCCCCC1)(C1CCCCCCC1)[C@@H]1CCCN1,COC(C1CCCCCCC1)(C1CCCCCCC1)[C@@H]1CCCN1,0.5,30,25,0.078,CF,[*]C(OC)([*])[C@H]1NCCC1,COC[C@H]1NCCC1,2,organocatalyst,proline,[*]C1CCCCCCC1,DM,300,59.0,-37.5,0,0,C(C)O,46.069,-0.31,1.2,789.0,24.6,15.8,8.8,19.4,58.5,335.5760000000001,5.844600000000006,335.5760000000001,5.844600000000006,0,0,0,1,0,0,0,0,1,0,0.8367394,0.9068674,0.9532175,0.9019022,1.0,0.9197453,0.8438731244472228,0.9956174755527771
152,152,152,152,152,152,152,DM300,Ethanol,CCCCCCC(CCCCCC)(OC)[C@@H]1CCCN1,CCCCCCC(CCCCCC)(OC)[C@@H]1CCCN1,0.5,30,25,0.078,CF,[*]C(OC)([*])[C@H]1NCCC1,COC[C@H]1NCCC1,2,organocatalyst,proline,[*]CCCCCC,DM,300,59.0,-37.5,0,0,C(C)O,46.069,-0.31,1.2,789.0,24.6,15.8,8.8,19.4,58.5,283.49999999999994,5.0644000000000045,283.49999999999994,5.0644000000000045,0,0,0,1,0,0,0,0,1,0,0.84376764,0.8830235,0.89866424,0.8878424,0.9462295,0.8919054560000002,0.846243991291637,0.9375669207083633
153,153,153,153,153,153,153,DM300,Ethanol,COC(C1=CC=NC=C1)(C1=CC=NC=C1)[C@@H]1CCCN1,COC(C1=CC=NC=C1)(C1=CC=NC=C1)[C@@H]1CCCN1,0.5,30,25,0.078,CF,[*]C(OC)([*])[C@H]1NCCC1,COC[C@H]1NCCC1,2,organocatalyst,proline,[*]c1ccncc1,DM,300,59.0,-37.5,0,0,C(C)O,46.069,-0.31,1.2,789.0,24.6,15.8,8.8,19.4,58.5,269.348,2.1186,269.348,2.1186,0,0,0,1,0,0,0,0,1,0,0.8624411,0.90885496,0.88131523,0.90729225,0.923798,0.896740308,0.8662967699220269,0.9271838460779732
154,154,154,154,154,154,154,DM300,Ethanol,COC([C@@H]1CCCN1)(N1CCCCC1)N1CCCCC1,COC([C@@H]1CCCN1)(N1CCCCC1)N1CCCCC1,0.5,30,25,0.078,CF,[*]C(OC)([*])[C@H]1NCCC1,COC[C@H]1NCCC1,2,organocatalyst,proline,[*]N1CCCCC1,DM,300,59.0,-37.5,0,0,C(C)O,46.069,-0.31,1.2,789.0,24.6,15.8,8.8,19.4,58.5,281.444,2.0104,281.444,2.0104,0,0,0,1,0,0,0,0,1,0,0.90175366,0.92161655,0.87118816,0.92064685,0.9373216,0.9105053639999999,0.8790453276690352,0.9419654003309647
155,155,155,155,155,155,155,DM300,Ethanol,COC(O)(O)[C@@H]1CCCN1,COC(O)(O)[C@@H]1CCCN1,0.5,30,25,0.078,CF,[*]C(OC)([*])[C@H]1NCCC1,COC[C@H]1NCCC1,2,organocatalyst,proline,[*]O,DM,300,59.0,-37.5,0,0,C(C)O,46.069,-0.31,1.2,789.0,24.6,15.8,8.8,19.4,58.5,147.174,-0.9768,147.174,-0.9768,0,0,0,1,0,0,0,0,1,0,0.69267,0.8884902,0.6433439,0.9774734,0.8275534,0.80590618,0.63478505790895,0.97702730209105
156,156,156,156,156,156,156,DM300,Ethanol,COC(N)(N)[C@@H]1CCCN1,COC(N)(N)[C@@H]1CCCN1,0.5,30,25,0.078,CF,[*]C(OC)([*])[C@H]1NCCC1,COC[C@H]1NCCC1,2,organocatalyst,proline,[*]N,DM,300,59.0,-37.5,0,0,C(C)O,46.069,-0.31,1.2,789.0,24.6,15.8,8.8,19.4,58.5,145.20600000000002,-1.0439999999999994,145.20600000000002,-1.0439999999999994,0,0,0,1,0,0,0,0,1,0,0.9596716,0.92552406,0.8566485,0.97511446,0.82963884,0.9093194920000001,0.8301782883558148,0.9884606956441854
157,157,157,157,157,157,157,DM300,Ethanol,COC([C@@H]1CCCN1)(C12CC3CC(CC(C3)C1)C2)C12CC3CC(CC(C3)C1)C2,COC([C@@H]1CCCN1)(C12CC3CC(CC(C3)C1)C2)C12CC3CC(CC(C3)C1)C2,0.5,30,25,0.078,CF,[*]C(OC)([*])[C@H]1NCCC1,COC[C@H]1NCCC1,2,organocatalyst,proline,[*]C12CC3CC(CC(C2)C3)C1,DM,300,59.0,-37.5,0,0,C(C)O,46.069,-0.31,1.2,789.0,24.6,15.8,8.8,19.4,58.5,383.6200000000002,5.556400000000006,383.6200000000002,5.556400000000006,0,0,0,1,0,0,0,0,1,0,0.78213274,0.93341786,0.9199198,0.93669313,1.0,0.914432706,0.8148842481434029,1.0139811638565972
158,158,158,158,158,158,158,DM300,Ethanol,COC(C1CCCCCCCCC1)(C1CCCCCCCCC1)[C@@H]1CCCN1,COC(C1CCCCCCCCC1)(C1CCCCCCCCC1)[C@@H]1CCCN1,0.5,30,25,0.078,CF,[*]C(OC)([*])[C@H]1NCCC1,COC[C@H]1NCCC1,2,organocatalyst,proline,[*]C1CCCCCCCCC1,DM,300,59.0,-37.5,0,0,C(C)O,46.069,-0.31,1.2,789.0,24.6,15.8,8.8,19.4,58.5,391.68400000000025,7.405000000000008,391.68400000000025,7.405000000000008,0,0,0,1,0,0,0,0,1,0,0.86157715,0.92413974,0.964001,0.91598654,1.0,0.933140886,0.868267214800979,0.998014557199021
159,159,159,159,159,159,159,DM300,Ethanol,CCCCCCCCCCC(CCCCCCCCCC)(OC)[C@@H]1CCCN1,CCCCCCCCCCC(CCCCCCCCCC)(OC)[C@@H]1CCCN1,0.5,30,25,0.078,CF,[*]C(OC)([*])[C@H]1NCCC1,COC[C@H]1NCCC1,2,organocatalyst,proline,[*]CCCCCCCCCC,DM,300,59.0,-37.5,0,0,C(C)O,46.069,-0.31,1.2,789.0,24.6,15.8,8.8,19.4,58.5,395.7160000000002,8.185200000000009,395.7160000000002,8.185200000000009,0,0,0,1,0,0,0,0,1,0,0.86255527,0.92449766,0.9404558,0.91477644,0.98409617,0.925276268,0.8706748956784373,0.9798776403215627
160,160,160,160,160,160,160,DM300,Ethanol,COC1=CC=C2C(=C1)C1(CC2(C)C)CC(C)(C)C2=C1C=C(OC(OC)(OC1=CC3=C(C=C1)C(C)(C)CC31CC(C)(C)C3=CC=C(OC)C=C31)[C@@H]1CCCN1)C=C2,COC1=CC=C2C(=C1)C1(CC2(C)C)CC(C)(C)C2=C1C=C(OC(OC)(OC1=CC3=C(C=C1)C(C)(C)CC31CC(C)(C)C3=CC=C(OC)C=C31)[C@@H]1CCCN1)C=C2,0.5,30,25,0.078,CF,[*]C(OC)([*])[C@H]1NCCC1,COC[C@H]1NCCC1,2,organocatalyst,proline,CC1(C)CC2(CC(C)(C)C3=C2C=C(O[*])C=C3)C4=CC(OC)=CC=C41,DM,300,59.0,-37.5,0,0,C(C)O,46.069,-0.31,1.2,789.0,24.6,15.8,8.8,19.4,58.5,756.04,10.511199999999995,756.04,10.511199999999995,0,0,0,1,0,0,0,0,1,0,0.94627994,0.9287751,0.9221818,0.95258796,1.0,0.94996496,0.9119728878725062,0.9879570321274938
161,161,161,161,161,161,161,DM300,Ethanol,COC(C1CCC2(CCCC2)CC1)(C1CCC2(CCCC2)CC1)[C@@H]1CCCN1,COC(C1CCC2(CCCC2)CC1)(C1CCC2(CCCC2)CC1)[C@@H]1CCCN1,0.5,30,25,0.078,CF,[*]C(OC)([*])[C@H]1NCCC1,COC[C@H]1NCCC1,2,organocatalyst,proline,[*]C1CCC2(CCCC2)CC1,DM,300,59.0,-37.5,0,0,C(C)O,46.069,-0.31,1.2,789.0,24.6,15.8,8.8,19.4,58.5,387.6520000000002,6.624800000000008,387.6520000000002,6.624800000000008,0,0,0,1,0,0,0,0,1,0,0.8559698,0.9101523,0.898082,0.916309,1.0,0.91610262,0.8509450725886094,0.9812601674113905
162,162,162,162,162,162,162,DM300,Ethanol,O=C1NCC(C(F)(F)F)N1,O=C1NCC(C(F)(F)F)N1,0.5,30,25,0.078,CF,O=C1NC([*])CN1,O=C1NCCN1,1,organocatalyst,imidazolidinone,[*]C(F)(F)F,DM,300,59.0,-37.5,0,0,C(C)O,46.069,-0.31,1.2,789.0,24.6,15.8,8.8,19.4,58.5,154.091,0.2300999999999999,154.091,0.2300999999999999,0,0,0,1,0,0,0,0,1,0,0.58932436,0.857213,0.83152723,0.6290051,0.70044434,0.7215028059999999,0.573290225465718,0.8697153865342819
163,163,163,163,163,163,163,DM300,Ethanol,O=C1NCC(C2=CC=CC=C2)N1,O=C1NCC(C2=CC=CC=C2)N1,0.5,30,25,0.078,CF,O=C1NC([*])CN1,O=C1NCCN1,1,organocatalyst,imidazolidinone,[*]c1ccccc1,DM,300,59.0,-37.5,0,0,C(C)O,46.069,-0.31,1.2,789.0,24.6,15.8,8.8,19.4,58.5,162.192,1.0405,162.192,1.0405,0,0,0,1,0,0,0,0,1,0,0.677285,0.7954078,0.78669125,0.7295727,0.69437325,0.7366659999999999,0.6706174711117125,0.8027145288882873
164,164,164,164,164,164,164,DM300,Ethanol,CC(C)(C)C1CNC(=O)N1,CC(C)(C)C1CNC(=O)N1,0.5,30,25,0.078,CF,O=C1NC([*])CN1,O=C1NCCN1,1,organocatalyst,imidazolidinone,[*]C(C)(C)C,DM,300,59.0,-37.5,0,0,C(C)O,46.069,-0.31,1.2,789.0,24.6,15.8,8.8,19.4,58.5,142.202,0.7139000000000001,142.202,0.7139000000000001,0,0,0,1,0,0,0,0,1,0,0.76319575,0.8116771,0.8574993,0.78659564,0.75965905,0.7957253679999999,0.7456230959433116,0.8458276400566883
165,165,165,165,165,165,165,DM300,Ethanol,CC(C)C1CNC(=O)N1,CC(C)C1CNC(=O)N1,0.5,30,25,0.078,CF,O=C1NC([*])CN1,O=C1NCCN1,1,organocatalyst,imidazolidinone,[*]C(C)C,DM,300,59.0,-37.5,0,0,C(C)O,46.069,-0.31,1.2,789.0,24.6,15.8,8.8,19.4,58.5,128.175,0.3238000000000002,128.175,0.3238000000000002,0,0,0,1,0,0,0,0,1,0,0.6809861,0.75204957,0.82544595,0.7413867,0.75698924,0.7513715120000001,0.6875348750876952,0.815208148912305
166,166,166,166,166,166,166,DM300,Ethanol,COC1CNC(=O)N1,COC1CNC(=O)N1,0.5,30,25,0.078,CF,O=C1NC([*])CN1,O=C1NCCN1,1,organocatalyst,imidazolidinone,[*]OC,DM,300,59.0,-37.5,0,0,C(C)O,46.069,-0.31,1.2,789.0,24.6,15.8,8.8,19.4,58.5,116.12,-0.7283,116.12,-0.7283,0,0,0,1,0,0,0,0,1,0,0.59949225,0.6694473,0.73349345,0.62525785,0.7407248,0.67368313,0.5953030063467636,0.7520632536532365
167,167,167,167,167,167,167,DM300,Ethanol,CCCCCCCCC1CNC(=O)N1,CCCCCCCCC1CNC(=O)N1,0.5,30,25,0.078,CF,O=C1NC([*])CN1,O=C1NCCN1,1,organocatalyst,imidazolidinone,[*]CCCCCCCC,DM,300,59.0,-37.5,0,0,C(C)O,46.069,-0.31,1.2,789.0,24.6,15.8,8.8,19.4,58.5,198.31,2.4184,198.31,2.4184,0,0,0,1,0,0,0,0,1,0,0.71208847,0.8403119,0.8183501,0.8281071,0.8446958,0.808710674,0.7404232264296051,0.8769981215703948
168,168,168,168,168,168,168,DM300,Ethanol,O=C1NCC(C2CCCCC2)N1,O=C1NCC(C2CCCCC2)N1,0.5,30,25,0.078,CF,O=C1NC([*])CN1,O=C1NCCN1,1,organocatalyst,imidazolidinone,[*]C1CCCCC1,DM,300,59.0,-37.5,0,0,C(C)O,46.069,-0.31,1.2,789.0,24.6,15.8,8.8,19.4,58.5,168.23999999999998,1.2481,168.23999999999998,1.2481,0,0,0,1,0,0,0,0,1,0,0.63288295,0.77878404,0.7831987,0.7917714,0.7737386,0.7520751380000001,0.6689348195401941,0.8352154564598062
169,169,169,169,169,169,169,DM300,Ethanol,O=C1NCC(C2CCCCCCC2)N1,O=C1NCC(C2CCCCCCC2)N1,0.5,30,25,0.078,CF,O=C1NC([*])CN1,O=C1NCCN1,1,organocatalyst,imidazolidinone,[*]C1CCCCCCC1,DM,300,59.0,-37.5,0,0,C(C)O,46.069,-0.31,1.2,789.0,24.6,15.8,8.8,19.4,58.5,196.29399999999995,2.0283,196.29399999999995,2.0283,0,0,0,1,0,0,0,0,1,0,0.6973529,0.8249073,0.8147547,0.8281454,0.8292843,0.79888892,0.7280540207074186,0.8697238192925814
170,170,170,170,170,170,170,DM300,Ethanol,CCCCCCC1CNC(=O)N1,CCCCCCC1CNC(=O)N1,0.5,30,25,0.078,CF,O=C1NC([*])CN1,O=C1NCCN1,1,organocatalyst,imidazolidinone,[*]CCCCCC,DM,300,59.0,-37.5,0,0,C(C)O,46.069,-0.31,1.2,789.0,24.6,15.8,8.8,19.4,58.5,170.256,1.6382,170.256,1.6382,0,0,0,1,0,0,0,0,1,0,0.6552082,0.80083394,0.7957401,0.78448194,0.7942773,0.766108296,0.6887808629055466,0.8434357290944533
171,171,171,171,171,171,171,DM300,Ethanol,O=C1NCC(C2=CC=NC=C2)N1,O=C1NCC(C2=CC=NC=C2)N1,0.5,30,25,0.078,CF,O=C1NC([*])CN1,O=C1NCCN1,1,organocatalyst,imidazolidinone,[*]c1ccncc1,DM,300,59.0,-37.5,0,0,C(C)O,46.069,-0.31,1.2,789.0,24.6,15.8,8.8,19.4,58.5,163.18,0.4355,163.18,0.4355,0,0,0,1,0,0,0,0,1,0,0.56695676,0.7752913,0.78909487,0.73116875,0.7104552,0.7145933760000001,0.6047163747913488,0.8244703772086514
172,172,172,172,172,172,172,DM300,Ethanol,O=C1NCC(N2CCCCC2)N1,O=C1NCC(N2CCCCC2)N1,0.5,30,25,0.078,CF,O=C1NC([*])CN1,O=C1NCCN1,1,organocatalyst,imidazolidinone,[*]N1CCCCC1,DM,300,59.0,-37.5,0,0,C(C)O,46.069,-0.31,1.2,789.0,24.6,15.8,8.8,19.4,58.5,169.228,0.1111999999999995,169.228,0.1111999999999995,0,0,0,1,0,0,0,0,1,0,0.78906727,0.8333467,0.8086906,0.8366421,0.80665237,0.814879808,0.7901483389750124,0.8396112770249877
173,173,173,173,173,173,173,DM300,Ethanol,O=C1NCC(O)N1,O=C1NCC(O)N1,0.5,30,25,0.078,CF,O=C1NC([*])CN1,O=C1NCCN1,1,organocatalyst,imidazolidinone,[*]O,DM,300,59.0,-37.5,0,0,C(C)O,46.069,-0.31,1.2,789.0,24.6,15.8,8.8,19.4,58.5,102.093,-1.3824000000000003,102.093,-1.3824000000000003,0,0,0,1,0,0,0,0,1,0,0.6434245,0.6288471,0.69572973,0.45090887,0.74079543,0.631941126,0.4947493847141647,0.7691328672858353
174,174,174,174,174,174,174,DM300,Ethanol,NC1CNC(=O)N1,NC1CNC(=O)N1,0.5,30,25,0.078,CF,O=C1NC([*])CN1,O=C1NCCN1,1,organocatalyst,imidazolidinone,[*]N,DM,300,59.0,-37.5,0,0,C(C)O,46.069,-0.31,1.2,789.0,24.6,15.8,8.8,19.4,58.5,101.109,-1.416,101.109,-1.416,0,0,0,1,0,0,0,0,1,0,0.70614606,0.69617635,0.73895204,0.55733865,0.7607112,0.6918648600000001,0.5931606474901161,0.7905690725098842
175,175,175,175,175,175,175,DM300,Ethanol,O=C1NCC(C23CC4CC(CC(C4)C2)C3)N1,O=C1NCC(C23CC4CC(CC(C4)C2)C3)N1,0.5,30,25,0.078,CF,O=C1NC([*])CN1,O=C1NCCN1,1,organocatalyst,imidazolidinone,[*]C12CC3CC(CC(C2)C3)C1,DM,300,59.0,-37.5,0,0,C(C)O,46.069,-0.31,1.2,789.0,24.6,15.8,8.8,19.4,58.5,220.316,1.8842,220.316,1.8842,0,0,0,1,0,0,0,0,1,0,0.6740305,0.75070566,0.76607823,0.8340153,0.89381444,0.7837288259999999,0.6796892230753677,0.8877684289246321
176,176,176,176,176,176,176,DM300,Ethanol,O=C1NCC(C2CCCCCCCCC2)N1,O=C1NCC(C2CCCCCCCCC2)N1,0.5,30,25,0.078,CF,O=C1NC([*])CN1,O=C1NCCN1,1,organocatalyst,imidazolidinone,[*]C1CCCCCCCCC1,DM,300,59.0,-37.5,0,0,C(C)O,46.069,-0.31,1.2,789.0,24.6,15.8,8.8,19.4,58.5,224.348,2.8085000000000004,224.348,2.8085000000000004,0,0,0,1,0,0,0,0,1,0,0.73987967,0.8725325,0.8416265,0.8538904,0.88082206,0.837750226,0.7671849034096833,0.9083155485903168
177,177,177,177,177,177,177,DM300,Ethanol,CCCCCCCCCCC1CNC(=O)N1,CCCCCCCCCCC1CNC(=O)N1,0.5,30,25,0.078,CF,O=C1NC([*])CN1,O=C1NCCN1,1,organocatalyst,imidazolidinone,[*]CCCCCCCCCC,DM,300,59.0,-37.5,0,0,C(C)O,46.069,-0.31,1.2,789.0,24.6,15.8,8.8,19.4,58.5,226.364,3.1986000000000008,226.364,3.1986000000000008,0,0,0,1,0,0,0,0,1,0,0.7558907,0.8818176,0.84068614,0.8556268,0.88458824,0.8437218959999999,0.7786481519314463,0.9087956400685535
178,178,178,178,178,178,178,DM300,Ethanol,COC1=CC=C2C(=C1)C1(CC2(C)C)CC(C)(C)C2=C1C=C(OC1CNC(=O)N1)C=C2,COC1=CC=C2C(=C1)C1(CC2(C)C)CC(C)(C)C2=C1C=C(OC1CNC(=O)N1)C=C2,0.5,30,25,0.078,CF,O=C1NC([*])CN1,O=C1NCCN1,1,organocatalyst,imidazolidinone,CC1(C)CC2(CC(C)(C)C3=C2C=C(O[*])C=C3)C4=CC(OC)=CC=C41,DM,300,59.0,-37.5,0,0,C(C)O,46.069,-0.31,1.2,789.0,24.6,15.8,8.8,19.4,58.5,406.52600000000007,4.361600000000003,406.52600000000007,4.361600000000003,0,0,0,1,0,0,0,0,1,0,0.9257097,0.9018043,0.94398415,0.90113413,1.0,0.9345264560000001,0.8839381516752495,0.9851147603247506
179,179,179,179,179,179,179,DM300,Ethanol,O=C1NCC(C2CCC3(CCCC3)CC2)N1,O=C1NCC(C2CCC3(CCCC3)CC2)N1,0.5,30,25,0.078,CF,O=C1NC([*])CN1,O=C1NCCN1,1,organocatalyst,imidazolidinone,[*]C1CCC2(CCCC2)CC1,DM,300,59.0,-37.5,0,0,C(C)O,46.069,-0.31,1.2,789.0,24.6,15.8,8.8,19.4,58.5,222.332,2.4184,222.332,2.4184,0,0,0,1,0,0,0,0,1,0,0.7009909,0.88445354,0.81065726,0.8438432,0.8947428,0.8269375400000001,0.7301214848455649,0.9237535951544352
