solute_smiles,fragment_smiles,solute_logp,fragment_effect_rejection_selectivity,scaffold_basis,dummy_places,type,scaffold_basis_logp,fragment_effect_logp_difference
C1=C(C23CC4CC(CC(C4)C2)C3)C=CC([P]([Pd][P](C2=CC=C(C34CC5CC(CC(C5)C3)C4)C=C2)(C2=CC=C(C34CC5CC(CC(C5)C3)C4)C=C2)C2=CC=C(C34CC5CC(CC(C5)C3)C4)C=C2)(C2=CC=C(C34CC5CC(CC(C5)C3)C4)C=C2)C2=CC=C(C34CC5CC(CC(C5)C3)C4)C=C2)=C1,[*]C12CC3CC(CC(C2)C3)C1,21.69390000000001,1.388469531263955,c1([P](c2ccccc2)([Pd][P](c3ccccc3)(c4ccccc4)c5ccccc5)c6ccccc6)ccccc1,6,metal_catalyst,6.8871000000000056,2.467800000000001
C1=C(C2CCC3(CCCC3)CC2)C=CC([P]([Pd][P](C2=CC=C(C3CCC4(CCCC4)CC3)C=C2)(C2=CC=C(C3CCC4(CCCC4)CC3)C=C2)C2=CC=C(C3CCC4(CCCC4)CC3)C=C2)(C2=CC=C(C3CCC4(CCCC4)CC3)C=C2)C2=CC=C(C3CCC4(CCCC4)CC3)C=C2)=C1,[*]C1CCC2(CCCC2)CC1,26.195100000000057,1.4294396148828836,c1([P](c2ccccc2)([Pd][P](c3ccccc3)(c4ccccc4)c5ccccc5)c6ccccc6)ccccc1,6,metal_catalyst,6.8871000000000056,3.2180000000000084
C1=C(C2CCCCC2)C=CC([P]([Pd][P](C2=CC=C(C3CCCCC3)C=C2)(C2=CC=C(C3CCCCC3)C=C2)C2=CC=C(C3CCCCC3)C=C2)(C2=CC=C(C3CCCCC3)C=C2)C2=CC=C(C3CCCCC3)C=C2)=C1,[*]C1CCCCC1,19.173299999999987,1.161426205478613,c1([P](c2ccccc2)([Pd][P](c3ccccc3)(c4ccccc4)c5ccccc5)c6ccccc6)ccccc1,6,metal_catalyst,6.8871000000000056,2.0476999999999967
C1=C(C2CCCCCCC2)C=CC([P]([Pd][P](C2=CC=C(C3CCCCCCC3)C=C2)(C2=CC=C(C3CCCCCCC3)C=C2)C2=CC=C(C3CCCCCCC3)C=C2)(C2=CC=C(C3CCCCCCC3)C=C2)C2=CC=C(C3CCCCCCC3)C=C2)=C1,[*]C1CCCCCCC1,23.854500000000037,1.378054093916937,c1([P](c2ccccc2)([Pd][P](c3ccccc3)(c4ccccc4)c5ccccc5)c6ccccc6)ccccc1,6,metal_catalyst,6.8871000000000056,2.8279000000000054
C1=C(C2CCCCCCCCC2)C=CC([P]([Pd][P](C2=CC=C(C3CCCCCCCCC3)C=C2)(C2=CC=C(C3CCCCCCCCC3)C=C2)C2=CC=C(C3CCCCCCCCC3)C=C2)(C2=CC=C(C3CCCCCCCCC3)C=C2)C2=CC=C(C3CCCCCCCCC3)C=C2)=C1,[*]C1CCCCCCCCC1,28.53570000000008,1.427041735273972,c1([P](c2ccccc2)([Pd][P](c3ccccc3)(c4ccccc4)c5ccccc5)c6ccccc6)ccccc1,6,metal_catalyst,6.8871000000000056,3.6081000000000123
C1=C(N2CCCCC2)C=CC([P]([Pd][P](C2=CC=C(N3CCCCC3)C=C2)(C2=CC=C(N3CCCCC3)C=C2)C2=CC=C(N3CCCCC3)C=C2)(C2=CC=C(N3CCCCC3)C=C2)C2=CC=C(N3CCCCC3)C=C2)=C1,[*]N1CCCCC1,12.82889999999998,1.1292002374989685,c1([P](c2ccccc2)([Pd][P](c3ccccc3)(c4ccccc4)c5ccccc5)c6ccccc6)ccccc1,6,metal_catalyst,6.8871000000000056,0.9902999999999956
C1=CC2=C3C=CC(C45CC6CC(CC(C6)C4)C5)=CN3[Ru+2]34(N2C=C1)(N1C=CC=CC1=C1C=CC(C25CC6CC(CC(C6)C2)C5)=CN13)N1C=CC=CC1=C1C=CC(C23CC5CC(CC(C5)C2)C3)=CN14.F[P-](F)(F)(F)(F)F.F[P-](F)(F)(F)(F)F,[*]C12CC3CC(CC(C2)C3)C1,20.21490000000001,1.2472557998059797,F[P-](F)(F)(F)(F)F.F[P-](F)(F)(F)(F)F.n1([Ru+2]23(n4ccccc4c5ccccn53)(n6ccccc67)n8ccccc8c9ccccn29)c7cccc1,3,metal_catalyst,12.455099999999977,2.5866000000000113
C1=CC2=C3C=CC(C4=CC=CC=C4)=CN3[Ru+2]34(N2C=C1)(N1C=CC=CC1=C1C=CC(C2=CC=CC=C2)=CN13)N1C=CC=CC1=C1C=CC(C2=CC=CC=C2)=CN14.F[P-](F)(F)(F)(F)F.F[P-](F)(F)(F)(F)F,[*]c1ccccc1,17.03729999999999,1.1380853205338506,F[P-](F)(F)(F)(F)F.F[P-](F)(F)(F)(F)F.n1([Ru+2]23(n4ccccc4c5ccccn53)(n6ccccc67)n8ccccc8c9ccccn29)c7cccc1,3,metal_catalyst,12.455099999999977,1.5274000000000048
C1=CC2=C3C=CC(C4=CC=NC=C4)=CN3[Ru+2]34(N2C=C1)(N1C=CC=CC1=C1C=CC(C2=CC=NC=C2)=CN13)N1C=CC=CC1=C1C=CC(C2=CC=NC=C2)=CN14.F[P-](F)(F)(F)(F)F.F[P-](F)(F)(F)(F)F,[*]c1ccncc1,15.22229999999998,1.0848295983156409,F[P-](F)(F)(F)(F)F.F[P-](F)(F)(F)(F)F.n1([Ru+2]23(n4ccccc4c5ccccn53)(n6ccccc67)n8ccccc8c9ccccn29)c7cccc1,3,metal_catalyst,12.455099999999977,0.9224000000000009
C1=CC2=C3C=CC(C4CCC5(CCCC5)CC4)=CN3[Ru+2]34(N2C=C1)(N1C=CC=CC1=C1C=CC(C2CCC5(CCCC5)CC2)=CN13)N1C=CC=CC1=C1C=CC(C2CCC3(CCCC3)CC2)=CN14.F[P-](F)(F)(F)(F)F.F[P-](F)(F)(F)(F)F,[*]C1CCC2(CCCC2)CC1,21.81750000000003,1.2685597084691491,F[P-](F)(F)(F)(F)F.F[P-](F)(F)(F)(F)F.n1([Ru+2]23(n4ccccc4c5ccccn53)(n6ccccc67)n8ccccc8c9ccccn29)c7cccc1,3,metal_catalyst,12.455099999999977,3.1208000000000182
C1=CC2=C3C=CC(C4CCCCC4)=CN3[Ru+2]34(N2C=C1)(N1C=CC=CC1=C1C=CC(C2CCCCC2)=CN13)N1C=CC=CC1=C1C=CC(C2CCCCC2)=CN14.F[P-](F)(F)(F)(F)F.F[P-](F)(F)(F)(F)F,[*]C1CCCCC1,18.3066,1.1425948677766726,F[P-](F)(F)(F)(F)F.F[P-](F)(F)(F)(F)F.n1([Ru+2]23(n4ccccc4c5ccccn53)(n6ccccc67)n8ccccc8c9ccccn29)c7cccc1,3,metal_catalyst,12.455099999999977,1.9505000000000077
C1=CC2=C3C=CC(C4CCCCCCC4)=CN3[Ru+2]34(N2C=C1)(N1C=CC=CC1=C1C=CC(C2CCCCCCC2)=CN13)N1C=CC=CC1=C1C=CC(C2CCCCCCC2)=CN14.F[P-](F)(F)(F)(F)F.F[P-](F)(F)(F)(F)F,[*]C1CCCCCCC1,20.64720000000002,1.214518012816805,F[P-](F)(F)(F)(F)F.F[P-](F)(F)(F)(F)F.n1([Ru+2]23(n4ccccc4c5ccccn53)(n6ccccc67)n8ccccc8c9ccccn29)c7cccc1,3,metal_catalyst,12.455099999999977,2.7307000000000143
C1=CC2=C3C=CC(C4CCCCCCCCC4)=CN3[Ru+2]34(N2C=C1)(N1C=CC=CC1=C1C=CC(C2CCCCCCCCC2)=CN13)N1C=CC=CC1=C1C=CC(C2CCCCCCCCC2)=CN14.F[P-](F)(F)(F)(F)F.F[P-](F)(F)(F)(F)F,[*]C1CCCCCCCCC1,22.987800000000043,1.2921160205191438,F[P-](F)(F)(F)(F)F.F[P-](F)(F)(F)(F)F.n1([Ru+2]23(n4ccccc4c5ccccn53)(n6ccccc67)n8ccccc8c9ccccn29)c7cccc1,3,metal_catalyst,12.455099999999977,3.510900000000022
C1=CC2=C3C=CC(N4CCCCC4)=CN3[Ru+2]34(N2C=C1)(N1C=CC=CC1=C1C=CC(N2CCCCC2)=CN13)N1C=CC=CC1=C1C=CC(N2CCCCC2)=CN14.F[P-](F)(F)(F)(F)F.F[P-](F)(F)(F)(F)F,[*]N1CCCCC1,14.895899999999967,1.0912158150739348,F[P-](F)(F)(F)(F)F.F[P-](F)(F)(F)(F)F.n1([Ru+2]23(n4ccccc4c5ccccn53)(n6ccccc67)n8ccccc8c9ccccn29)c7cccc1,3,metal_catalyst,12.455099999999977,0.8135999999999969
C1=CC=C(C2=CC=C([P]([Pd][P](C3=CC=C(C4=CC=CC=C4)C=C3)(C3=CC=C(C4=CC=CC=C4)C=C3)C3=CC=C(C4=CC=CC=C4)C=C3)(C3=CC=C(C4=CC=CC=C4)C=C3)C3=CC=C(C4=CC=CC=C4)C=C3)C=C2)C=C1,[*]c1ccccc1,16.889099999999974,1.1180946614212757,c1([P](c2ccccc2)([Pd][P](c3ccccc3)(c4ccccc4)c5ccccc5)c6ccccc6)ccccc1,6,metal_catalyst,6.8871000000000056,1.6669999999999947
C1=CC=C(C2=CC=C3C(=C2)[Ir]24(<-N5=CC=CC=C35)(<-N3=C(C=CC=C3)C3=CC=C(C5=CC=CC=C5)C=C32)<-N2=C(C=CC=C2)C2=CC=C(C3=CC=CC=C3)C=C24)C=C1,[*]c1ccccc1,10.768099999999992,1.1998191338135422,C(C=C12)=CC=C1C(C=CC=C3)=[N]3[Ir]452([N]6=C(C=CC=C6)C7=CC=CC=C75)[N](C=CC=C8)=C8C9=CC=CC=C94,3,metal_catalyst,5.7671000000000054,1.6669999999999954
C1=CC=C(C2=CC=NC=C2)C=C1,[*]c1ccccc1,2.7486000000000006,1.310223040691363,c1cccnc1,1,organocatalyst,1.0816,1.6670000000000007
C1=CC=N2->[Ir]34(<-N5=C(C=CC=C5)C5=CC=C(C67CC8CC(CC(C8)C6)C7)C=C53)(<-N3=C(C=CC=C3)C3=CC=C(C56CC7CC(CC(C7)C5)C6)C=C34)C3=CC(C45CC6CC(CC(C6)C4)C5)=CC=C3C2=C1,[*]C12CC3CC(CC(C2)C3)C1,13.170499999999976,1.3163105391345757,C(C=C12)=CC=C1C(C=CC=C3)=[N]3[Ir]452([N]6=C(C=CC=C6)C7=CC=CC=C75)[N](C=CC=C8)=C8C9=CC=CC=C94,3,metal_catalyst,5.7671000000000054,2.4677999999999902
C1=CC=N2->[Ir]34(<-N5=C(C=CC=C5)C5=CC=C(C6=CC=NC=C6)C=C53)(<-N3=C(C=CC=C3)C3=CC=C(C5=CC=NC=C5)C=C34)C3=CC(C4=CC=NC=C4)=CC=C3C2=C1,[*]c1ccncc1,8.953100000000003,1.1684047211631756,C(C=C12)=CC=C1C(C=CC=C3)=[N]3[Ir]452([N]6=C(C=CC=C6)C7=CC=CC=C75)[N](C=CC=C8)=C8C9=CC=CC=C94,3,metal_catalyst,5.7671000000000054,1.0619999999999992
C1=CC=N2->[Ir]34(<-N5=C(C=CC=C5)C5=CC=C(C6CCC7(CCCC7)CC6)C=C53)(<-N3=C(C=CC=C3)C3=CC=C(C5CCC6(CCCC6)CC5)C=C34)C3=CC(C4CCC5(CCCC5)CC4)=CC=C3C2=C1,[*]C1CCC2(CCCC2)CC1,15.421099999999962,1.4507221064395033,C(C=C12)=CC=C1C(C=CC=C3)=[N]3[Ir]452([N]6=C(C=CC=C6)C7=CC=CC=C75)[N](C=CC=C8)=C8C9=CC=CC=C94,3,metal_catalyst,5.7671000000000054,3.2179999999999858
C1=CC=N2->[Ir]34(<-N5=C(C=CC=C5)C5=CC=C(C6CCCCC6)C=C53)(<-N3=C(C=CC=C3)C3=CC=C(C5CCCCC5)C=C34)C3=CC(C4CCCCC4)=CC=C3C2=C1,[*]C1CCCCC1,11.910199999999984,1.2420613461765218,C(C=C12)=CC=C1C(C=CC=C3)=[N]3[Ir]452([N]6=C(C=CC=C6)C7=CC=CC=C75)[N](C=CC=C8)=C8C9=CC=CC=C94,3,metal_catalyst,5.7671000000000054,2.0476999999999927
C1=CC=N2->[Ir]34(<-N5=C(C=CC=C5)C5=CC=C(C6CCCCCCC6)C=C53)(<-N3=C(C=CC=C3)C3=CC=C(C5CCCCCCC5)C=C34)C3=CC(C4CCCCCCC4)=CC=C3C2=C1,[*]C1CCCCCCC1,14.25079999999997,1.3319419190804793,C(C=C12)=CC=C1C(C=CC=C3)=[N]3[Ir]452([N]6=C(C=CC=C6)C7=CC=CC=C75)[N](C=CC=C8)=C8C9=CC=CC=C94,3,metal_catalyst,5.7671000000000054,2.8278999999999876
C1=CC=N2->[Ir]34(<-N5=C(C=CC=C5)C5=CC=C(C6CCCCCCCCC6)C=C53)(<-N3=C(C=CC=C3)C3=CC=C(C5CCCCCCCCC5)C=C34)C3=CC(C4CCCCCCCCC4)=CC=C3C2=C1,[*]C1CCCCCCCCC1,16.59139999999996,1.488401140596389,C(C=C12)=CC=C1C(C=CC=C3)=[N]3[Ir]452([N]6=C(C=CC=C6)C7=CC=CC=C75)[N](C=CC=C8)=C8C9=CC=CC=C94,3,metal_catalyst,5.7671000000000054,3.6080999999999848
C1=CC=N2->[Ir]34(<-N5=C(C=CC=C5)C5=CC=C(N6CCCCC6)C=C53)(<-N3=C(C=CC=C3)C3=CC=C(N5CCCCC5)C=C34)C3=CC(N4CCCCC4)=CC=C3C2=C1,[*]N1CCCCC1,8.738000000000003,1.212842195008127,C(C=C12)=CC=C1C(C=CC=C3)=[N]3[Ir]452([N]6=C(C=CC=C6)C7=CC=CC=C75)[N](C=CC=C8)=C8C9=CC=CC=C94,3,metal_catalyst,5.7671000000000054,0.9902999999999992
C1=NC=CC(C23CC4CC(CC(C4)C2)C3)=C1,[*]C12CC3CC(CC(C2)C3)C1,3.549400000000002,1.7594736490710015,c1cccnc1,1,organocatalyst,1.0816,2.467800000000002
C1=NC=CC(C2=CC=C([P]([Pd][P](C3=CC=C(C4=CC=NC=C4)C=C3)(C3=CC=C(C4=CC=NC=C4)C=C3)C3=CC=C(C4=CC=NC=C4)C=C3)(C3=CC=C(C4=CC=NC=C4)C=C3)C3=CC=C(C4=CC=NC=C4)C=C3)C=C2)=C1,[*]c1ccncc1,13.25909999999998,1.0813355025294014,c1([P](c2ccccc2)([Pd][P](c3ccccc3)(c4ccccc4)c5ccccc5)c6ccccc6)ccccc1,6,metal_catalyst,6.8871000000000056,1.0619999999999958
C1=NC=CC(C2=CC=NC=C2)=C1,[*]c1ccncc1,2.1436,1.3123718007077385,c1cccnc1,1,organocatalyst,1.0816,1.0620000000000003
C1=NC=CC(C2CCC3(CCCC3)CC2)=C1,[*]C1CCC2(CCCC2)CC1,4.299600000000003,1.7823780687801802,c1cccnc1,1,organocatalyst,1.0816,3.2180000000000035
C1=NC=CC(C2CCCCC2)=C1,[*]C1CCCCC1,3.129300000000001,1.3506896234634949,c1cccnc1,1,organocatalyst,1.0816,2.047700000000001
C1=NC=CC(C2CCCCCCC2)=C1,[*]C1CCCCCCC1,3.909500000000003,1.4979149748939269,c1cccnc1,1,organocatalyst,1.0816,2.827900000000003
C1=NC=CC(C2CCCCCCCCC2)=C1,[*]C1CCCCCCCCC1,4.689700000000005,1.671318441153824,c1cccnc1,1,organocatalyst,1.0816,3.6081000000000047
C1=NC=CC(N2CCCCC2)=C1,[*]N1CCCCC1,2.0719,1.4113511836410024,c1cccnc1,1,organocatalyst,1.0816,0.9903
C=C[C@H]1C[N@@]2CC[C@H]1C[C@H]2[C@@H](C1=C2C=C(OC)C=CC2=NC=C1)C(C)(C)C,[*]C(C)(C)C,5.269500000000005,1.09370638146785,[H][C@]1(C[C@@H]2CC[N@]1C[C@@H]2C=C)Cc3c4cc(OC)ccc4ncc3,1,organocatalyst,3.6823000000000023,1.5872000000000028
C=C[C@H]1C[N@@]2CC[C@H]1C[C@H]2[C@@H](C1=C2C=C(OC)C=CC2=NC=C1)C(C)C,[*]C(C)C,4.879400000000005,1.0369694620378294,[H][C@]1(C[C@@H]2CC[N@]1C[C@@H]2C=C)Cc3c4cc(OC)ccc4ncc3,1,organocatalyst,3.6823000000000023,1.1971000000000025
C=C[C@H]1C[N@@]2CC[C@H]1C[C@H]2[C@@H](C1=C2C=C(OC)C=CC2=NC=C1)C(F)(F)F,[*]C(F)(F)F,4.785700000000005,1.061327510236171,[H][C@]1(C[C@@H]2CC[N@]1C[C@@H]2C=C)Cc3c4cc(OC)ccc4ncc3,1,organocatalyst,3.6823000000000023,1.1034000000000024
C=C[C@H]1C[N@@]2CC[C@H]1C[C@H]2[C@@H](C1=C2C=C(OC)C=CC2=NC=C1)C12CC3CC(CC(C3)C1)C2,[*]C12CC3CC(CC(C2)C3)C1,6.439800000000007,1.4930661381631987,[H][C@]1(C[C@@H]2CC[N@]1C[C@@H]2C=C)Cc3c4cc(OC)ccc4ncc3,1,organocatalyst,3.6823000000000023,2.7575000000000047
C=C[C@H]1C[N@@]2CC[C@H]1C[C@H]2[C@@H](C1=C2C=C(OC)C=CC2=NC=C1)C1CCC2(CCCC2)CC1,[*]C1CCC2(CCCC2)CC1,6.974000000000008,1.4520146415183635,[H][C@]1(C[C@@H]2CC[N@]1C[C@@H]2C=C)Cc3c4cc(OC)ccc4ncc3,1,organocatalyst,3.6823000000000023,3.291700000000006
C=C[C@H]1C[N@@]2CC[C@H]1C[C@H]2[C@@H](C1=C2C=C(OC)C=CC2=NC=C1)C1CCCCC1,[*]C1CCCCC1,5.803700000000006,1.162075752138366,[H][C@]1(C[C@@H]2CC[N@]1C[C@@H]2C=C)Cc3c4cc(OC)ccc4ncc3,1,organocatalyst,3.6823000000000023,2.121400000000004
C=C[C@H]1C[N@@]2CC[C@H]1C[C@H]2[C@@H](C1=C2C=C(OC)C=CC2=NC=C1)C1CCCCCCC1,[*]C1CCCCCCC1,6.583900000000008,1.2624077114161736,[H][C@]1(C[C@@H]2CC[N@]1C[C@@H]2C=C)Cc3c4cc(OC)ccc4ncc3,1,organocatalyst,3.6823000000000023,2.9016000000000055
C=C[C@H]1C[N@@]2CC[C@H]1C[C@H]2[C@@H](C1=C2C=C(OC)C=CC2=NC=C1)C1CCCCCCCCC1,[*]C1CCCCCCCCC1,7.364100000000008,1.3648253447542513,[H][C@]1(C[C@@H]2CC[N@]1C[C@@H]2C=C)Cc3c4cc(OC)ccc4ncc3,1,organocatalyst,3.6823000000000023,3.6818000000000053
C=C[C@H]1C[N@@]2CC[C@H]1C[C@H]2[C@@H](C1=C2C=C(OC)C=CC2=NC=C1)N1CCCCC1,[*]N1CCCCC1,4.666800000000005,1.097471938867372,[H][C@]1(C[C@@H]2CC[N@]1C[C@@H]2C=C)Cc3c4cc(OC)ccc4ncc3,1,organocatalyst,3.6823000000000023,0.9845000000000024
C=C[C@H]1C[N@@]2CC[C@H]1C[C@H]2[C@H](C1=CC=CC=C1)C1=C2C=C(OC)C=CC2=NC=C1,[*]c1ccccc1,5.2717000000000045,1.0380362645546715,[H][C@]1(C[C@@H]2CC[N@]1C[C@@H]2C=C)Cc3c4cc(OC)ccc4ncc3,1,organocatalyst,3.6823000000000023,1.5894000000000021
C=C[C@H]1C[N@@]2CC[C@H]1C[C@H]2[C@H](C1=CC=NC=C1)C1=C2C=C(OC)C=CC2=NC=C1,[*]c1ccncc1,4.666700000000004,1.0378322130233302,[H][C@]1(C[C@@H]2CC[N@]1C[C@@H]2C=C)Cc3c4cc(OC)ccc4ncc3,1,organocatalyst,3.6823000000000023,0.9844000000000017
C=C[C@H]1C[N@@]2CC[C@H]1C[C@H]2[C@H](CCCCCC)C1=C2C=C(OC)C=CC2=NC=C1,[*]CCCCCC,6.193800000000007,1.1233776131999562,[H][C@]1(C[C@@H]2CC[N@]1C[C@@H]2C=C)Cc3c4cc(OC)ccc4ncc3,1,organocatalyst,3.6823000000000023,2.5115000000000043
C=C[C@H]1C[N@@]2CC[C@H]1C[C@H]2[C@H](CCCCCCCC)C1=C2C=C(OC)C=CC2=NC=C1,[*]CCCCCCCC,6.974000000000008,1.2244758108447384,[H][C@]1(C[C@@H]2CC[N@]1C[C@@H]2C=C)Cc3c4cc(OC)ccc4ncc3,1,organocatalyst,3.6823000000000023,3.291700000000006
C=C[C@H]1C[N@@]2CC[C@H]1C[C@H]2[C@H](CCCCCCCCCC)C1=C2C=C(OC)C=CC2=NC=C1,[*]CCCCCCCCCC,7.75420000000001,1.3337858876334625,[H][C@]1(C[C@@H]2CC[N@]1C[C@@H]2C=C)Cc3c4cc(OC)ccc4ncc3,1,organocatalyst,3.6823000000000023,4.071900000000007
C=C[C@H]1C[N@@]2CC[C@H]1C[C@H]2[C@H](N)C1=C2C=C(OC)C=CC2=NC=C1,[*]N,3.139600000000001,0.9285627620920757,[H][C@]1(C[C@@H]2CC[N@]1C[C@@H]2C=C)Cc3c4cc(OC)ccc4ncc3,1,organocatalyst,3.6823000000000023,-0.5427000000000013
C=C[C@H]1C[N@@]2CC[C@H]1C[C@H]2[C@H](O)C1=C2C=C(OC)C=CC2=NC=C1,[*]O,3.1732000000000014,0.8811284394013275,[H][C@]1(C[C@@H]2CC[N@]1C[C@@H]2C=C)Cc3c4cc(OC)ccc4ncc3,1,organocatalyst,3.6823000000000023,-0.509100000000001
C=C[C@H]1C[N@@]2CC[C@H]1C[C@H]2[C@H](OC)C1=C2C=C(OC)C=CC2=NC=C1,[*]OC,3.827300000000003,0.9078654197221127,[H][C@]1(C[C@@H]2CC[N@]1C[C@@H]2C=C)Cc3c4cc(OC)ccc4ncc3,1,organocatalyst,3.6823000000000023,0.14500000000000046
C=C[C@H]1C[N@@]2CC[C@H]1C[C@H]2[C@H](OC1=CC2=C(C=C1)C(C)(C)CC21CC(C)(C)C2=CC=C(OC)C=C21)C1=C2C=C(OC)C=CC2=NC=C1,CC1(C)CC2(CC(C)(C)C3=C2C=C(O[*])C=C3)C4=CC(OC)=CC=C41,8.917200000000005,2.1207803556146096,[H][C@]1(C[C@@H]2CC[N@]1C[C@@H]2C=C)Cc3c4cc(OC)ccc4ncc3,1,organocatalyst,3.6823000000000023,5.234900000000002
CC(=O)O[Pd]1(OC(C)=O)[P](C(C)(C)C)(C(C)(C)C)CCC[P]1(C(C)(C)C)C(C)(C)C,[*]C(C)(C)C,7.559400000000009,1.194890355578,O=C(O[Pd]1(OC(C)=O)[PH2](CCC[PH2]1))C,4,metal_catalyst,1.1518,1.6019000000000023
CC(=O)O[Pd]1(OC(C)=O)[P](C(C)C)(C(C)C)CCC[P]1(C(C)C)C(C)C,[*]C(C)C,5.999000000000007,1.1336146274885832,O=C(O[Pd]1(OC(C)=O)[PH2](CCC[PH2]1))C,4,metal_catalyst,1.1518,1.2118000000000018
CC(=O)O[Pd]1(OC(C)=O)[P](C(F)(F)F)(C(F)(F)F)CCC[P]1(C(F)(F)F)C(F)(F)F,[*]C(F)(F)F,6.444600000000003,1.1694164179694804,O=C(O[Pd]1(OC(C)=O)[PH2](CCC[PH2]1))C,4,metal_catalyst,1.1518,1.3232000000000008
CC(=O)O[Pd]1(OC(C)=O)[P](C23CC4CC(CC(C4)C2)C3)(C23CC4CC(CC(C4)C2)C3)CCC[P]1(C12CC3CC(CC(C3)C1)C2)C12CC3CC(CC(C3)C1)C2,[*]C12CC3CC(CC(C2)C3)C1,12.240599999999985,1.8494456021614254,O=C(O[Pd]1(OC(C)=O)[PH2](CCC[PH2]1))C,4,metal_catalyst,1.1518,2.7721999999999962
CC(=O)O[Pd]1(OC(C)=O)[P](C2=CC=CC=C2)(C2=CC=CC=C2)CCC[P]1(C1=CC=CC=C1)C1=CC=CC=C1,[*]c1ccccc1,5.667400000000005,1.1138554727984706,O=C(O[Pd]1(OC(C)=O)[PH2](CCC[PH2]1))C,4,metal_catalyst,1.1518,1.1289000000000013
CC(=O)O[Pd]1(OC(C)=O)[P](C2=CC=NC=C2)(C2=CC=NC=C2)CCC[P]1(C1=CC=NC=C1)C1=CC=NC=C1,[*]c1ccncc1,3.2474000000000016,1.075850413402908,O=C(O[Pd]1(OC(C)=O)[PH2](CCC[PH2]1))C,4,metal_catalyst,1.1518,0.5239000000000005
CC(=O)O[Pd]1(OC(C)=O)[P](C2CCC3(CCCC3)CC2)(C2CCC3(CCCC3)CC2)CCC[P]1(C1CCC2(CCCC2)CC1)C1CCC2(CCCC2)CC1,[*]C1CCC2(CCCC2)CC1,14.37739999999997,1.9833870921761487,O=C(O[Pd]1(OC(C)=O)[PH2](CCC[PH2]1))C,4,metal_catalyst,1.1518,3.3063999999999925
CC(=O)O[Pd]1(OC(C)=O)[P](C2CCCCC2)(C2CCCCC2)CCC[P]1(C1CCCCC1)C1CCCCC1,[*]C1CCCCC1,9.6962,1.2381566111442062,O=C(O[Pd]1(OC(C)=O)[PH2](CCC[PH2]1))C,4,metal_catalyst,1.1518,2.1361
CC(=O)O[Pd]1(OC(C)=O)[P](C2CCCCCCC2)(C2CCCCCCC2)CCC[P]1(C1CCCCCCC1)C1CCCCCCC1,[*]C1CCCCCCC1,12.81699999999998,1.4509807623690412,O=C(O[Pd]1(OC(C)=O)[PH2](CCC[PH2]1))C,4,metal_catalyst,1.1518,2.9162999999999952
CC(=O)O[Pd]1(OC(C)=O)[P](C2CCCCCCCCC2)(C2CCCCCCCCC2)CCC[P]1(C1CCCCCCCCC1)C1CCCCCCCCC1,[*]C1CCCCCCCCC1,15.93779999999996,1.9426500039514611,O=C(O[Pd]1(OC(C)=O)[PH2](CCC[PH2]1))C,4,metal_catalyst,1.1518,3.69649999999999
CC(=O)O[Pd]1(OC(C)=O)[P](N)(N)CCC[P]1(N)N,[*]N,-0.1397999999999987,1.0711229379739189,O=C(O[Pd]1(OC(C)=O)[PH2](CCC[PH2]1))C,4,metal_catalyst,1.1518,-0.32289999999999963
CC(=O)O[Pd]1(OC(C)=O)[P](N2CCCCC2)(N2CCCCC2)CCC[P]1(N1CCCCC1)N1CCCCC1,[*]N1CCCCC1,5.969000000000007,1.1785658646976191,O=C(O[Pd]1(OC(C)=O)[PH2](CCC[PH2]1))C,4,metal_catalyst,1.1518,1.204300000000002
CC(=O)O[Pd]1(OC(C)=O)[P](O)(O)CCC[P]1(O)O,[*]O,-0.0054000000000001,1.1137882408988964,O=C(O[Pd]1(OC(C)=O)[PH2](CCC[PH2]1))C,4,metal_catalyst,1.1518,-0.2893
CC(C)(C)C1=CC2=C(C=C1)C1=CC=CC=N1->[Ir+]213(<-N2=C(C=CC=C2)C2=C1C=C(C(C)(C)C)C=C2)<-N1=C(C=C(C(C)(C)C)C=C1)C1=N->3C=CC(C(C)(C)C)=C1.F[P-](F)(F)(F)(F)F,[*]C(C)(C)C,14.559899999999969,1.1087848120388841,CC(C)(C1=CC=[N](C(C2=[N]3C=CC(C(C)(C)C)=C2)=C1)[Ir+]453(C6=C(C7=CC=CC=[N]75)C=CC=C6)[N]8=C(C=CC=C8)C9=C4C=CC=C9)C.F[P-](F)(F)(F)(F)F,2,metal_catalyst,11.964899999999984,1.2974999999999923
CC(C)(C)C1=CC2=C(C=CC=C2)C(C2=C3C=CC=CC3=CC(C(C)(C)C)=C2O)=C1O,[*]C(C)(C)C,7.666200000000007,1.1488140042185175,Oc(cc1)c(c2c(O)ccc3c2cccc3)c4c1cccc4,2,organocatalyst,5.071200000000003,1.297500000000002
CC(C)(C)C1=CC2=C(O)C(=C1)CC1=C(O)C(=CC(C(C)(C)C)=C1)CC1=CC(C(C)(C)C)=CC(=C1O)CC1=C(O)C(=CC(C(C)(C)C)=C1)C2,[*]C(C)(C)C,10.375599999999991,1.1274587416494153,Oc1c(Cc2cccc(C3)c2O)cccc1Cc4c(O)c(Cc5c(O)c3ccc5)ccc4,4,organocatalyst,5.185600000000006,1.2974999999999963
CC(C)(C)C1=CC2=N(->[Ir+]34(<-N5=CC=CC=C5C5=C3C=C(C(F)(F)F)C=C5)(<-N3=C(C=CC=C3)C3=C4C=C(C(F)(F)F)C=C3)<-N3=C2C=C(C(C)(C)C)C=C3)C=C1.F[P-](F)(F)(F)(F)F,[*]C(F)(F)F,14.002499999999976,1.0764458938710055,CC(C)(C1=CC=[N](C(C2=[N]3C=CC(C(C)(C)C)=C2)=C1)[Ir+]453(C6=C(C7=CC=CC=[N]75)C=CC=C6)[N]8=C(C=CC=C8)C9=C4C=CC=C9)C.F[P-](F)(F)(F)(F)F,2,metal_catalyst,11.964899999999984,1.0187999999999962
CC(C)(C)C1=CC2=N(->[Ir+]34(<-N5=CC=CC=C5C5=C3C=C(C36CC7CC(CC(C7)C3)C6)C=C5)(<-N3=C(C=CC=C3)C3=C4C=C(C45CC6CC(CC(C6)C4)C5)C=C3)<-N3=C2C=C(C(C)(C)C)C=C3)C=C1.F[P-](F)(F)(F)(F)F,[*]C12CC3CC(CC(C2)C3)C1,16.90049999999997,1.199235694613426,CC(C)(C1=CC=[N](C(C2=[N]3C=CC(C(C)(C)C)=C2)=C1)[Ir+]453(C6=C(C7=CC=CC=[N]75)C=CC=C6)[N]8=C(C=CC=C8)C9=C4C=CC=C9)C.F[P-](F)(F)(F)(F)F,2,metal_catalyst,11.964899999999984,2.4677999999999924
CC(C)(C)C1=CC2=N(->[Ir+]34(<-N5=CC=CC=C5C5=C3C=C(C3=CC=CC=C3)C=C5)(<-N3=C(C=CC=C3)C3=C4C=C(C4=CC=CC=C4)C=C3)<-N3=C2C=C(C(C)(C)C)C=C3)C=C1.F[P-](F)(F)(F)(F)F,[*]c1ccccc1,15.29889999999997,1.1198019726552686,CC(C)(C1=CC=[N](C(C2=[N]3C=CC(C(C)(C)C)=C2)=C1)[Ir+]453(C6=C(C7=CC=CC=[N]75)C=CC=C6)[N]8=C(C=CC=C8)C9=C4C=CC=C9)C.F[P-](F)(F)(F)(F)F,2,metal_catalyst,11.964899999999984,1.6669999999999927
CC(C)(C)C1=CC2=N(->[Ir+]34(<-N5=CC=CC=C5C5=C3C=C(C3=CC=NC=C3)C=C5)(<-N3=C(C=CC=C3)C3=C4C=C(C4=CC=NC=C4)C=C3)<-N3=C2C=C(C(C)(C)C)C=C3)C=C1.F[P-](F)(F)(F)(F)F,[*]c1ccncc1,14.088899999999972,1.069303897998277,CC(C)(C1=CC=[N](C(C2=[N]3C=CC(C(C)(C)C)=C2)=C1)[Ir+]453(C6=C(C7=CC=CC=[N]75)C=CC=C6)[N]8=C(C=CC=C8)C9=C4C=CC=C9)C.F[P-](F)(F)(F)(F)F,2,metal_catalyst,11.964899999999984,1.061999999999994
CC(C)(C)C1=CC2=N(->[Ir+]34(<-N5=CC=CC=C5C5=C3C=C(C3CCC6(CCCC6)CC3)C=C5)(<-N3=C(C=CC=C3)C3=C4C=C(C4CCC5(CCCC5)CC4)C=C3)<-N3=C2C=C(C(C)(C)C)C=C3)C=C1.F[P-](F)(F)(F)(F)F,[*]C1CCC2(CCCC2)CC1,18.400899999999982,1.2624700363697599,CC(C)(C1=CC=[N](C(C2=[N]3C=CC(C(C)(C)C)=C2)=C1)[Ir+]453(C6=C(C7=CC=CC=[N]75)C=CC=C6)[N]8=C(C=CC=C8)C9=C4C=CC=C9)C.F[P-](F)(F)(F)(F)F,2,metal_catalyst,11.964899999999984,3.217999999999999
CC(C)(C)C1=CC2=N(->[Ir+]34(<-N5=CC=CC=C5C5=C3C=C(C3CCCCC3)C=C5)(<-N3=C(C=CC=C3)C3=C4C=C(C4CCCCC4)C=C3)<-N3=C2C=C(C(C)(C)C)C=C3)C=C1.F[P-](F)(F)(F)(F)F,[*]C1CCCCC1,16.060299999999962,1.1480536830563648,CC(C)(C1=CC=[N](C(C2=[N]3C=CC(C(C)(C)C)=C2)=C1)[Ir+]453(C6=C(C7=CC=CC=[N]75)C=CC=C6)[N]8=C(C=CC=C8)C9=C4C=CC=C9)C.F[P-](F)(F)(F)(F)F,2,metal_catalyst,11.964899999999984,2.047699999999989
CC(C)(C)C1=CC2=N(->[Ir+]34(<-N5=CC=CC=C5C5=C3C=C(C3CCCCCCC3)C=C5)(<-N3=C(C=CC=C3)C3=C4C=C(C4CCCCCCC4)C=C3)<-N3=C2C=C(C(C)(C)C)C=C3)C=C1.F[P-](F)(F)(F)(F)F,[*]C1CCCCCCC1,17.620699999999978,1.2148421699551313,CC(C)(C1=CC=[N](C(C2=[N]3C=CC(C(C)(C)C)=C2)=C1)[Ir+]453(C6=C(C7=CC=CC=[N]75)C=CC=C6)[N]8=C(C=CC=C8)C9=C4C=CC=C9)C.F[P-](F)(F)(F)(F)F,2,metal_catalyst,11.964899999999984,2.827899999999997
CC(C)(C)C1=CC2=N(->[Ir+]34(<-N5=CC=CC=C5C5=C3C=C(C3CCCCCCCCC3)C=C5)(<-N3=C(C=CC=C3)C3=C4C=C(C4CCCCCCCCC4)C=C3)<-N3=C2C=C(C(C)(C)C)C=C3)C=C1.F[P-](F)(F)(F)(F)F,[*]C1CCCCCCCCC1,19.1811,1.2975612219702568,CC(C)(C1=CC=[N](C(C2=[N]3C=CC(C(C)(C)C)=C2)=C1)[Ir+]453(C6=C(C7=CC=CC=[N]75)C=CC=C6)[N]8=C(C=CC=C8)C9=C4C=CC=C9)C.F[P-](F)(F)(F)(F)F,2,metal_catalyst,11.964899999999984,3.6081000000000083
CC(C)(C)C1=CC2=N(->[Ir+]34(<-N5=CC=CC=C5C5=C3C=C(N)C=C5)(<-N3=C(C=CC=C3)C3=C4C=C(N)C=C3)<-N3=C2C=C(C(C)(C)C)C=C3)C=C1.F[P-](F)(F)(F)(F)F,[*]N,11.12929999999999,1.011919453042892,CC(C)(C1=CC=[N](C(C2=[N]3C=CC(C(C)(C)C)=C2)=C1)[Ir+]453(C6=C(C7=CC=CC=[N]75)C=CC=C6)[N]8=C(C=CC=C8)C9=C4C=CC=C9)C.F[P-](F)(F)(F)(F)F,2,metal_catalyst,11.964899999999984,-0.41779999999999706
CC(C)(C)C1=CC2=N(->[Ir+]34(<-N5=CC=CC=C5C5=C3C=C(N3CCCCC3)C=C5)(<-N3=C(C=CC=C3)C3=C4C=C(N4CCCCC4)C=C3)<-N3=C2C=C(C(C)(C)C)C=C3)C=C1.F[P-](F)(F)(F)(F)F,[*]N1CCCCC1,13.94549999999997,1.0946770040170195,CC(C)(C1=CC=[N](C(C2=[N]3C=CC(C(C)(C)C)=C2)=C1)[Ir+]453(C6=C(C7=CC=CC=[N]75)C=CC=C6)[N]8=C(C=CC=C8)C9=C4C=CC=C9)C.F[P-](F)(F)(F)(F)F,2,metal_catalyst,11.964899999999984,0.9902999999999933
CC(C)(C)C1=CC2=N(->[Ir+]34(<-N5=CC=CC=C5C5=C3C=C(O)C=C5)(<-N3=C(C=CC=C3)C3=C4C=C(O)C=C3)<-N3=C2C=C(C(C)(C)C)C=C3)C=C1.F[P-](F)(F)(F)(F)F,[*]O,11.376099999999983,0.9427094640597394,CC(C)(C1=CC=[N](C(C2=[N]3C=CC(C(C)(C)C)=C2)=C1)[Ir+]453(C6=C(C7=CC=CC=[N]75)C=CC=C6)[N]8=C(C=CC=C8)C9=C4C=CC=C9)C.F[P-](F)(F)(F)(F)F,2,metal_catalyst,11.964899999999984,-0.29440000000000044
CC(C)(C)C1=CC=C([P]([Pd][P](C2=CC=C(C(C)(C)C)C=C2)(C2=CC=C(C(C)(C)C)C=C2)C2=CC=C(C(C)(C)C)C=C2)(C2=CC=C(C(C)(C)C)C=C2)C2=CC=C(C(C)(C)C)C=C2)C=C1,[*]C(C)(C)C,14.67209999999997,1.125789910622226,c1([P](c2ccccc2)([Pd][P](c3ccccc3)(c4ccccc4)c5ccccc5)c6ccccc6)ccccc1,6,metal_catalyst,6.8871000000000056,1.297499999999994
CC(C)(C)C1=CC=C2C(=C1)[Ir]13(<-N4=CC=CC=C24)(<-N2=C(C=CC=C2)C2=CC=C(C(C)(C)C)C=C21)<-N1=C(C=CC=C1)C1=CC=C(C(C)(C)C)C=C13,[*]C(C)(C)C,9.6596,1.1975570856296895,C(C=C12)=CC=C1C(C=CC=C3)=[N]3[Ir]452([N]6=C(C=CC=C6)C7=CC=CC=C75)[N](C=CC=C8)=C8C9=CC=CC=C94,3,metal_catalyst,5.7671000000000054,1.2974999999999979
CC(C)(C)C1=CC=NC=C1,[*]C(C)(C)C,2.3791,1.3198622616391407,c1cccnc1,1,organocatalyst,1.0816,1.2975000000000003
CC(C)(C)C1=CN2C(=C3C=CC=CN3[Ru+2]234(N2C=CC=CC2=C2C=CC(C(C)(C)C)=CN23)N2C=CC=CC2=C2C=CC(C(C)(C)C)=CN24)C=C1.F[P-](F)(F)(F)(F)F.F[P-](F)(F)(F)(F)F,[*]C(C)(C)C,16.70399999999998,1.104550857788744,F[P-](F)(F)(F)(F)F.F[P-](F)(F)(F)(F)F.n1([Ru+2]23(n4ccccc4c5ccccn53)(n6ccccc67)n8ccccc8c9ccccn29)c7cccc1,3,metal_catalyst,12.455099999999977,1.4163000000000008
CC(C)(C)C1=NC(NS(=O)(=O)CC23CCC(CC2=O)C3(C)C)=CC=C1,[*]C(C)(C)C,3.516200000000002,1.100211858029326,CC1(C)C2(CCC1CC2=O)CS(Nc3ncccc3)(=O)=O,1,organocatalyst,2.2187,1.297500000000002
CC(C)(C)C1CCC([P](C2CCC(C(C)(C)C)CC2)(C2CCC(C(C)(C)C)CC2)[Co]([C]=O)([C]=O)[C]=O)CC1,[*]C(C)(C)C,9.089200000000003,1.130797047339815,O=[C][Co]([C]=O)([P](C1CCCCC1)(C2CCCCC2)C3CCCCC3)[C]=O,3,metal_catalyst,5.272600000000005,1.2721999999999996
CC(C)(C)C1CNC(=O)N1,[*]C(C)(C)C,0.7139000000000001,1.2080332609748488,O=C1NCCN1,1,organocatalyst,-0.7008000000000001,1.4147000000000003
CC(C)(C)NC1=C(NC(C)(C)C)C(=O)C1=O,[*]C(C)(C)C,1.7033999999999998,1.2723853286312108,O=c(c(N)c1N)c1=O,2,organocatalyst,-1.553,1.6281999999999999
CC(C)(C)[P](C(C)(C)C)(C(C)(C)C)[Co]([C]=O)([C]=O)[C]=O,[*]C(C)(C)C,3.6700000000000026,0.9736458900673751,O=[C][Co]([PH3])([C]=O)[C]=O,3,metal_catalyst,-1.1357000000000002,1.6019000000000008
CC(C)(C)[P](C(C)(C)C)(C(C)(C)C)[RhH](C=O)([P](C(C)(C)C)(C(C)(C)C)C(C)(C)C)[P](C(C)(C)C)(C(C)(C)C)C(C)(C)C,[*]C(C)(C)C,14.047099999999974,1.4390800930323417,O=C[Rh]([PH3])([PH3])([PH3])[H],9,metal_catalyst,-0.3699999999999999,1.601899999999997
CC(C)(C)[P](C(C)(C)C)(C(C)(C)C)[Ru](Cl)(Cl)(=CC1=CC=CC=C1)[P](C(C)(C)C)(C(C)(C)C)C(C)(C)C,[*]C(C)(C)C,12.490299999999982,1.3435278073415562,Cl[Ru](Cl)([PH3])([PH3])=Cc1ccccc1,6,metal_catalyst,2.8789000000000025,1.6018999999999963
CC(C)C1=C2C=CC=CC2=[N+](C)C2=C1C=CC=C2.[O-][Cl+3]([O-])([O-])[O-],[*]C(C)C,-0.8150999999999997,1.1529262841381989,C[n+]1c2ccccc2cc3ccccc13.O=Cl(=O)([O-])=O,1,organocatalyst,-1.938499999999998,1.1233999999999982
CC(C)C1=CC2=C(C=C1)C1=CC=CC=N1->[Ir+]213(<-N2=C(C=CC=C2)C2=C1C=C(C(C)C)C=C2)<-N1=C(C=C(C(C)(C)C)C=C1)C1=N->3C=CC(C(C)(C)C)=C1.F[P-](F)(F)(F)(F)F,[*]C(C)C,14.21169999999997,1.089419418965235,CC(C)(C1=CC=[N](C(C2=[N]3C=CC(C(C)(C)C)=C2)=C1)[Ir+]453(C6=C(C7=CC=CC=[N]75)C=CC=C6)[N]8=C(C=CC=C8)C9=C4C=CC=C9)C.F[P-](F)(F)(F)(F)F,2,metal_catalyst,11.964899999999984,1.123399999999993
CC(C)C1=CC2=C(C=CC=C2)C(C2=C3C=CC=CC3=CC(C(C)C)=C2O)=C1O,[*]C(C)C,7.318000000000008,1.124745181681188,Oc(cc1)c(c2c(O)ccc3c2cccc3)c4c1cccc4,2,organocatalyst,5.071200000000003,1.1234000000000024
CC(C)C1=CC2=C(O)C(=C1)CC1=C(O)C(=CC(C(C)C)=C1)CC1=CC(C(C)C)=CC(=C1O)CC1=C(O)C(=CC(C(C)C)=C1)C2,[*]C(C)C,9.679199999999996,1.1017339116359068,Oc1c(Cc2cccc(C3)c2O)cccc1Cc4c(O)c(Cc5c(O)c3ccc5)ccc4,4,organocatalyst,5.185600000000006,1.1233999999999975
CC(C)C1=CC=C([P]([Pd][P](C2=CC=C(C(C)C)C=C2)(C2=CC=C(C(C)C)C=C2)C2=CC=C(C(C)C)C=C2)(C2=CC=C(C(C)C)C=C2)C2=CC=C(C(C)C)C=C2)C=C1,[*]C(C)C,13.627499999999976,1.0883294919041604,c1([P](c2ccccc2)([Pd][P](c3ccccc3)(c4ccccc4)c5ccccc5)c6ccccc6)ccccc1,6,metal_catalyst,6.8871000000000056,1.123399999999995
CC(C)C1=CC=C2C(=C1)[Ir]13(<-N4=CC=CC=C24)(<-N2=C(C=CC=C2)C2=CC=C(C(C)C)C=C21)<-N1=C(C=CC=C1)C1=CC=C(C(C)C)C=C13,[*]C(C)C,9.137300000000002,1.1558220955932172,C(C=C12)=CC=C1C(C=CC=C3)=[N]3[Ir]452([N]6=C(C=CC=C6)C7=CC=CC=C75)[N](C=CC=C8)=C8C9=CC=CC=C94,3,metal_catalyst,5.7671000000000054,1.1233999999999986
CC(C)C1=CC=NC=C1,[*]C(C)C,2.205,1.199217040226229,c1cccnc1,1,organocatalyst,1.0816,1.1234000000000002
CC(C)C1=CN2C(=C3C=CC=CN3[Ru+2]234(N2C=CC=CC2=C2C=CC(C(C)C)=CN23)N2C=CC=CC2=C2C=CC(C(C)C)=CN24)C=C1.F[P-](F)(F)(F)(F)F.F[P-](F)(F)(F)(F)F,[*]C(C)C,15.533699999999971,1.0828596325131208,F[P-](F)(F)(F)(F)F.F[P-](F)(F)(F)(F)F.n1([Ru+2]23(n4ccccc4c5ccccn53)(n6ccccc67)n8ccccc8c9ccccn29)c7cccc1,3,metal_catalyst,12.455099999999977,1.0261999999999982
CC(C)C1=NC(NS(=O)(=O)CC23CCC(CC2=O)C3(C)C)=CC=C1,[*]C(C)C,3.342100000000002,1.1189579340714584,CC1(C)C2(CCC1CC2=O)CS(Nc3ncccc3)(=O)=O,1,organocatalyst,2.2187,1.123400000000002
CC(C)C1CCC([P](C2CCC(C(C)C)CC2)(C2CCC(C(C)C)CC2)[Co]([C]=O)([C]=O)[C]=O)CC1,[*]C(C)C,7.91890000000001,1.0898810156196446,O=[C][Co]([C]=O)([P](C1CCCCC1)(C2CCCCC2)C3CCCCC3)[C]=O,3,metal_catalyst,5.272600000000005,0.8821000000000015
CC(C)C1CNC(=O)N1,[*]C(C)C,0.3238000000000002,1.1700045341782828,O=C1NCCN1,1,organocatalyst,-0.7008000000000001,1.0246000000000004
CC(C)NC1=C(NC(C)C)C(=O)C1=O,[*]C(C)C,0.9232,1.2266938414468744,O=c(c(N)c1N)c1=O,2,organocatalyst,-1.553,1.2381
CC(C)[P](C(C)C)(C(C)C)[Co]([C]=O)([C]=O)[C]=O,[*]C(C)C,2.4997000000000007,0.943721857706547,O=[C][Co]([PH3])([C]=O)[C]=O,3,metal_catalyst,-1.1357000000000002,1.2118000000000002
CC(C)[P](C(C)C)(C(C)C)[RhH](C=O)([P](C(C)C)(C(C)C)C(C)C)[P](C(C)C)(C(C)C)C(C)C,[*]C(C)C,10.536199999999996,1.3185207100122254,O=C[Rh]([PH3])([PH3])([PH3])[H],9,metal_catalyst,-0.3699999999999999,1.2117999999999993
CC(C)[P](C(C)C)(C(C)C)[Ru](Cl)(Cl)(=CC1=CC=CC=C1)[P](C(C)C)(C(C)C)C(C)C,[*]C(C)C,10.149699999999996,1.2761951424697022,Cl[Ru](Cl)([PH3])([PH3])=Cc1ccccc1,6,metal_catalyst,2.8789000000000025,1.2117999999999989
CC1(C)C2CCC1(CS(=O)(=O)NC1=CC=CC(C(F)(F)F)=N1)C(=O)C2,[*]C(F)(F)F,3.2375000000000016,1.1232723992332196,CC1(C)C2(CCC1CC2=O)CS(Nc3ncccc3)(=O)=O,1,organocatalyst,2.2187,1.0188000000000015
CC1(C)C2CCC1(CS(=O)(=O)NC1=CC=CC(C34CC5CC(CC(C5)C3)C4)=N1)C(=O)C2,[*]C12CC3CC(CC(C2)C3)C1,4.686500000000004,1.258839801192465,CC1(C)C2(CCC1CC2=O)CS(Nc3ncccc3)(=O)=O,1,organocatalyst,2.2187,2.467800000000004
CC1(C)C2CCC1(CS(=O)(=O)NC1=CC=CC(C3=CC=CC=C3)=N1)C(=O)C2,[*]c1ccccc1,3.8857000000000017,1.1802039424182456,CC1(C)C2(CCC1CC2=O)CS(Nc3ncccc3)(=O)=O,1,organocatalyst,2.2187,1.6670000000000016
CC1(C)C2CCC1(CS(=O)(=O)NC1=CC=CC(C3=CC=NC=C3)=N1)C(=O)C2,[*]c1ccncc1,3.2807000000000013,1.2125322050750762,CC1(C)C2(CCC1CC2=O)CS(Nc3ncccc3)(=O)=O,1,organocatalyst,2.2187,1.0620000000000012
CC1(C)C2CCC1(CS(=O)(=O)NC1=CC=CC(C3CCC4(CCCC4)CC3)=N1)C(=O)C2,[*]C1CCC2(CCCC2)CC1,5.4367000000000045,1.2186184723293216,CC1(C)C2(CCC1CC2=O)CS(Nc3ncccc3)(=O)=O,1,organocatalyst,2.2187,3.2180000000000044
CC1(C)C2CCC1(CS(=O)(=O)NC1=CC=CC(C3CCCCC3)=N1)C(=O)C2,[*]C1CCCCC1,4.266400000000004,1.1857327118467338,CC1(C)C2(CCC1CC2=O)CS(Nc3ncccc3)(=O)=O,1,organocatalyst,2.2187,2.0477000000000043
CC1(C)C2CCC1(CS(=O)(=O)NC1=CC=CC(C3CCCCCCC3)=N1)C(=O)C2,[*]C1CCCCCCC1,5.046600000000004,1.2419728883983012,CC1(C)C2(CCC1CC2=O)CS(Nc3ncccc3)(=O)=O,1,organocatalyst,2.2187,2.827900000000004
CC1(C)C2CCC1(CS(=O)(=O)NC1=CC=CC(C3CCCCCCCCC3)=N1)C(=O)C2,[*]C1CCCCCCCCC1,5.826800000000006,1.304359110266405,CC1(C)C2(CCC1CC2=O)CS(Nc3ncccc3)(=O)=O,1,organocatalyst,2.2187,3.6081000000000056
CC1(C)C2CCC1(CS(=O)(=O)NC1=CC=CC(N)=N1)C(=O)C2,[*]N,1.8008999999999995,1.067311611906654,CC1(C)C2(CCC1CC2=O)CS(Nc3ncccc3)(=O)=O,1,organocatalyst,2.2187,-0.4178000000000006
CC1(C)C2CCC1(CS(=O)(=O)NC1=CC=CC(N3CCCCC3)=N1)C(=O)C2,[*]N1CCCCC1,3.2090000000000014,1.1796258152729733,CC1(C)C2(CCC1CC2=O)CS(Nc3ncccc3)(=O)=O,1,organocatalyst,2.2187,0.9903000000000013
CC1(C)C2CCC1(CS(=O)(=O)NC1=CC=CC(O)=N1)C(=O)C2,[*]O,1.9243,1.0837865488618919,CC1(C)C2(CCC1CC2=O)CS(Nc3ncccc3)(=O)=O,1,organocatalyst,2.2187,-0.2944000000000002
CC1=C(C(C)C)C(C)=C(N2CCN(C3=C(C)C(C(C)C)=C(C)C(C(C)C)=C3C)C2=[Ru](Cl)(Cl)=CC2=C(OC(C)C)C=CC=C2)C(C)=C1C(C)C,[*]C(C)C,12.543919999999982,1.1092430282009038,CC(Oc1c(C=[Ru](Cl)(Cl)=C2N(c3c(C)cc(C)cc3C)CCN2c4c(C)cc(C)cc4C)cccc1)C,4,metal_catalyst,8.050320000000008,1.1233999999999935
CC1=C(C2=CC=CC=C2)C(C)=C(N2CCN(C3=C(C)C(C4=CC=CC=C4)=C(C)C(C4=CC=CC=C4)=C3C)C2=[Ru](Cl)(Cl)=CC2=C(OC(C)C)C=CC=C2)C(C)=C1C1=CC=CC=C1,[*]c1ccccc1,14.718319999999968,1.1362911462645229,CC(Oc1c(C=[Ru](Cl)(Cl)=C2N(c3c(C)cc(C)cc3C)CCN2c4c(C)cc(C)cc4C)cccc1)C,4,metal_catalyst,8.050320000000008,1.66699999999999
CC1=C(C2=CC=NC=C2)C(C)=C(N2CCN(C3=C(C)C(C4=CC=NC=C4)=C(C)C(C4=CC=NC=C4)=C3C)C2=[Ru](Cl)(Cl)=CC2=C(OC(C)C)C=CC=C2)C(C)=C1C1=CC=NC=C1,[*]c1ccncc1,12.298319999999984,1.0702036032487814,CC(Oc1c(C=[Ru](Cl)(Cl)=C2N(c3c(C)cc(C)cc3C)CCN2c4c(C)cc(C)cc4C)cccc1)C,4,metal_catalyst,8.050320000000008,1.061999999999994
CC1=C(C2CCC3(CCCC3)CC2)C(C)=C(N2CCN(C3=C(C)C(C4CCC5(CCCC5)CC4)=C(C)C(C4CCC5(CCCC5)CC4)=C3C)C2=[Ru](Cl)(Cl)=CC2=C(OC(C)C)C=CC=C2)C(C)=C1C1CCC2(CCCC2)CC1,[*]C1CCC2(CCCC2)CC1,20.922320000000003,1.7670350095434046,CC(Oc1c(C=[Ru](Cl)(Cl)=C2N(c3c(C)cc(C)cc3C)CCN2c4c(C)cc(C)cc4C)cccc1)C,4,metal_catalyst,8.050320000000008,3.2179999999999986
CC1=C(C2CCCCC2)C(C)=C(N2CCN(C3=C(C)C(C4CCCCC4)=C(C)C(C4CCCCC4)=C3C)C2=[Ru](Cl)(Cl)=CC2=C(OC(C)C)C=CC=C2)C(C)=C1C1CCCCC1,[*]C1CCCCC1,16.24111999999996,1.5383092726580738,CC(Oc1c(C=[Ru](Cl)(Cl)=C2N(c3c(C)cc(C)cc3C)CCN2c4c(C)cc(C)cc4C)cccc1)C,4,metal_catalyst,8.050320000000008,2.047699999999988
CC1=C(C2CCCCCCC2)C(C)=C(N2CCN(C3=C(C)C(C4CCCCCCC4)=C(C)C(C4CCCCCCC4)=C3C)C2=[Ru](Cl)(Cl)=CC2=C(OC(C)C)C=CC=C2)C(C)=C1C1CCCCCCC1,[*]C1CCCCCCC1,19.361919999999987,1.6088635689018111,CC(Oc1c(C=[Ru](Cl)(Cl)=C2N(c3c(C)cc(C)cc3C)CCN2c4c(C)cc(C)cc4C)cccc1)C,4,metal_catalyst,8.050320000000008,2.8278999999999948
CC1=C(C2CCCCCCCCC2)C(C)=C(N2CCN(C3=C(C)C(C4CCCCCCCCC4)=C(C)C(C4CCCCCCCCC4)=C3C)C2=[Ru](Cl)(Cl)=CC2=C(OC(C)C)C=CC=C2)C(C)=C1C1CCCCCCCCC1,[*]C1CCCCCCCCC1,22.48272000000002,1.6860919158255714,CC(Oc1c(C=[Ru](Cl)(Cl)=C2N(c3c(C)cc(C)cc3C)CCN2c4c(C)cc(C)cc4C)cccc1)C,4,metal_catalyst,8.050320000000008,3.6081000000000025
CC1=C(N)C(C)=C(N2CCN(C3=C(C)C(N)=C(C)C(N)=C3C)C2=[Ru](Cl)(Cl)=CC2=C(OC(C)C)C=CC=C2)C(C)=C1N,[*]N,6.379120000000006,1.0322010573798999,CC(Oc1c(C=[Ru](Cl)(Cl)=C2N(c3c(C)cc(C)cc3C)CCN2c4c(C)cc(C)cc4C)cccc1)C,4,metal_catalyst,8.050320000000008,-0.4178000000000006
CC1=C(N2CCCCC2)C(C)=C(N2CCN(C3=C(C)C(N4CCCCC4)=C(C)C(N4CCCCC4)=C3C)C2=[Ru](Cl)(Cl)=CC2=C(OC(C)C)C=CC=C2)C(C)=C1N1CCCCC1,[*]N1CCCCC1,12.011519999999988,1.140605769219791,CC(Oc1c(C=[Ru](Cl)(Cl)=C2N(c3c(C)cc(C)cc3C)CCN2c4c(C)cc(C)cc4C)cccc1)C,4,metal_catalyst,8.050320000000008,0.9902999999999951
CC1=C(N2CCN(C3=C(C)C(C(C)(C)C)=C(C)C(C(C)(C)C)=C3C)C2=[Ru](Cl)(Cl)=CC2=C(OC(C)C)C=CC=C2)C(C)=C(C(C)(C)C)C(C)=C1C(C)(C)C,[*]C(C)(C)C,13.24031999999998,1.1555581853666859,CC(Oc1c(C=[Ru](Cl)(Cl)=C2N(c3c(C)cc(C)cc3C)CCN2c4c(C)cc(C)cc4C)cccc1)C,4,metal_catalyst,8.050320000000008,1.2974999999999928
CC1=C(N2CCN(C3=C(C)C(C(F)(F)F)=C(C)C(C(F)(F)F)=C3C)C2=[Ru](Cl)(Cl)=CC2=C(OC(C)C)C=CC=C2)C(C)=C(C(F)(F)F)C(C)=C1C(F)(F)F,[*]C(F)(F)F,12.125519999999982,1.0715032903865376,CC(Oc1c(C=[Ru](Cl)(Cl)=C2N(c3c(C)cc(C)cc3C)CCN2c4c(C)cc(C)cc4C)cccc1)C,4,metal_catalyst,8.050320000000008,1.0187999999999935
CC1=C(N2CCN(C3=C(C)C(C45CC6CC(CC(C6)C4)C5)=C(C)C(C45CC6CC(CC(C6)C4)C5)=C3C)C2=[Ru](Cl)(Cl)=CC2=C(OC(C)C)C=CC=C2)C(C)=C(C23CC4CC(CC(C4)C2)C3)C(C)=C1C12CC3CC(CC(C3)C1)C2,[*]C12CC3CC(CC(C2)C3)C1,17.921519999999976,1.6355650855820494,CC(Oc1c(C=[Ru](Cl)(Cl)=C2N(c3c(C)cc(C)cc3C)CCN2c4c(C)cc(C)cc4C)cccc1)C,4,metal_catalyst,8.050320000000008,2.467799999999992
CC1=C(O)C(C)=C(N2CCN(C3=C(C)C(O)=C(C)C(O)=C3C)C2=[Ru](Cl)(Cl)=CC2=C(OC(C)C)C=CC=C2)C(C)=C1O,[*]O,6.872720000000009,0.960744999675046,CC(Oc1c(C=[Ru](Cl)(Cl)=C2N(c3c(C)cc(C)cc3C)CCN2c4c(C)cc(C)cc4C)cccc1)C,4,metal_catalyst,8.050320000000008,-0.2943999999999998
CCCCCCC(CCCCCC)(OC)[C@@H]1CCCN1,[*]CCCCCC,5.0644000000000045,1.5259820874790442,COC[C@H]1NCCC1,2,organocatalyst,0.38479999999999986,2.339800000000002
CCCCCCC1=C(C)C(CCCCCC)=C(C)C(N2CCN(C3=C(C)C(CCCCCC)=C(C)C(CCCCCC)=C3C)C2=[Ru](Cl)(Cl)=CC2=C(OC(C)C)C=CC=C2)=C1C,[*]CCCCCC,16.541519999999966,1.1717887916797396,CC(Oc1c(C=[Ru](Cl)(Cl)=C2N(c3c(C)cc(C)cc3C)CCN2c4c(C)cc(C)cc4C)cccc1)C,4,metal_catalyst,8.050320000000008,2.1227999999999896
CCCCCCC1=C2C=CC=CC2=[N+](C)C2=C1C=CC=C2.[O-][Cl+3]([O-])([O-])[O-],[*]CCCCCC,0.1842999999999999,1.279395314810498,C[n+]1c2ccccc2cc3ccccc13.O=Cl(=O)([O-])=O,1,organocatalyst,-1.938499999999998,2.122799999999998
CCCCCCC1=CC(CCCCCC)=CC(NC2=C(OC)C(=O)C2=O)=C1,[*]CCCCCC,5.280400000000004,1.3483588889995166,O=c(c(OC)c1Nc2ccccc2)c1=O,2,organocatalyst,1.0347999999999997,2.122800000000002
CCCCCCC1=CC2=C(C=C1)C1=CC=CC=N1->[Ir+]213(<-N2=C(C=CC=C2)C2=C1C=C(CCCCCC)C=C2)<-N1=C(C=C(C(C)(C)C)C=C1)C1=N->3C=CC(C(C)(C)C)=C1.F[P-](F)(F)(F)(F)F,[*]CCCCCC,16.21049999999996,1.1580195882118063,CC(C)(C1=CC=[N](C(C2=[N]3C=CC(C(C)(C)C)=C2)=C1)[Ir+]453(C6=C(C7=CC=CC=[N]75)C=CC=C6)[N]8=C(C=CC=C8)C9=C4C=CC=C9)C.F[P-](F)(F)(F)(F)F,2,metal_catalyst,11.964899999999984,2.1227999999999883
CCCCCCC1=CC2=C(C=CC=C2)C(C2=C3C=CC=CC3=CC(CCCCCC)=C2O)=C1O,[*]CCCCCC,9.316799999999995,1.2158699322668598,Oc(cc1)c(c2c(O)ccc3c2cccc3)c4c1cccc4,2,organocatalyst,5.071200000000003,2.1227999999999962
CCCCCCC1=CC2=C(O)C(=C1)CC1=C(O)C(=CC(CCCCCC)=C1)CC1=CC(CCCCCC)=CC(=C1O)CC1=C(O)C(=CC(CCCCCC)=C1)C2,[*]CCCCCC,13.676799999999972,1.161728296357628,Oc1c(Cc2cccc(C3)c2O)cccc1Cc4c(O)c(Cc5c(O)c3ccc5)ccc4,4,organocatalyst,5.185600000000006,2.1227999999999914
CCCCCCC1=CC=C([P]([Pd][P](C2=CC=C(CCCCCC)C=C2)(C2=CC=C(CCCCCC)C=C2)C2=CC=C(CCCCCC)C=C2)(C2=CC=C(CCCCCC)C=C2)C2=CC=C(CCCCCC)C=C2)C=C1,[*]CCCCCC,19.623899999999992,1.1471666669517422,c1([P](c2ccccc2)([Pd][P](c3ccccc3)(c4ccccc4)c5ccccc5)c6ccccc6)ccccc1,6,metal_catalyst,6.8871000000000056,2.1227999999999976
CCCCCCC1=CC=C2C(=C1)[Ir]13(<-N4=CC=CC=C24)(<-N2=C(C=CC=C2)C2=CC=C(CCCCCC)C=C21)<-N1=C(C=CC=C1)C1=CC=C(CCCCCC)C=C13,[*]CCCCCC,12.135499999999984,1.2967021543575308,C(C=C12)=CC=C1C(C=CC=C3)=[N]3[Ir]452([N]6=C(C=CC=C6)C7=CC=CC=C75)[N](C=CC=C8)=C8C9=CC=CC=C94,3,metal_catalyst,5.7671000000000054,2.122799999999993
CCCCCCC1=CC=NC=C1,[*]CCCCCC,3.204400000000001,1.3292518543700418,c1cccnc1,1,organocatalyst,1.0816,2.122800000000001
CCCCCCC1=CN2C(=C3C=CC=CN3[Ru+2]234(N2C=CC=CC2=C2C=CC(CCCCCC)=CN23)N2C=CC=CC2=C2C=CC(CCCCCC)=CN24)C=C1.F[P-](F)(F)(F)(F)F.F[P-](F)(F)(F)(F)F,[*]CCCCCC,19.476900000000008,1.1416580723783536,F[P-](F)(F)(F)(F)F.F[P-](F)(F)(F)(F)F.n1([Ru+2]23(n4ccccc4c5ccccn53)(n6ccccc67)n8ccccc8c9ccccn29)c7cccc1,3,metal_catalyst,12.455099999999977,2.3406000000000104
CCCCCCC1=NC(NS(=O)(=O)CC23CCC(CC2=O)C3(C)C)=CC=C1,[*]CCCCCC,4.341500000000004,1.2280433170797846,CC1(C)C2(CCC1CC2=O)CS(Nc3ncccc3)(=O)=O,1,organocatalyst,2.2187,2.1228000000000042
CCCCCCC1CCC([P](C2CCC(CCCCCC)CC2)(C2CCC(CCCCCC)CC2)[Co]([C]=O)([C]=O)[C]=O)CC1,[*]CCCCCC,11.862099999999986,1.1996283108079984,O=[C][Co]([C]=O)([P](C1CCCCC1)(C2CCCCC2)C3CCCCC3)[C]=O,3,metal_catalyst,5.272600000000005,2.1964999999999937
CCCCCCC1CNC(=O)N1,[*]CCCCCC,1.6382,1.2362904836610744,O=C1NCCN1,1,organocatalyst,-0.7008000000000001,2.3390000000000004
CCCCCCCCC(CCCCCCCC)(OC)[C@@H]1CCCN1,[*]CCCCCCCC,6.624800000000007,1.6164028698430857,COC[C@H]1NCCC1,2,organocatalyst,0.38479999999999986,3.120000000000003
CCCCCCCCC1=C(C)C(CCCCCCCC)=C(C)C(N2CCN(C3=C(C)C(CCCCCCCC)=C(C)C(CCCCCCCC)=C3C)C2=[Ru](Cl)(Cl)=CC2=C(OC(C)C)C=CC=C2)=C1C,[*]CCCCCCCC,19.66231999999999,1.2228183822025174,CC(Oc1c(C=[Ru](Cl)(Cl)=C2N(c3c(C)cc(C)cc3C)CCN2c4c(C)cc(C)cc4C)cccc1)C,4,metal_catalyst,8.050320000000008,2.9029999999999956
CCCCCCCCC1=C2C=CC=CC2=[N+](C)C2=C1C=CC=C2.[O-][Cl+3]([O-])([O-])[O-],[*]CCCCCCCC,0.9645,1.3805700416681348,C[n+]1c2ccccc2cc3ccccc13.O=Cl(=O)([O-])=O,1,organocatalyst,-1.938499999999998,2.902999999999998
CCCCCCCCC1=CC(CCCCCCCC)=CC(NC2=C(OC)C(=O)C2=O)=C1,[*]CCCCCCCC,6.840800000000007,1.4268989929017881,O=c(c(OC)c1Nc2ccccc2)c1=O,2,organocatalyst,1.0347999999999997,2.9030000000000036
CCCCCCCCC1=CC2=C(C=C1)C1=CC=CC=N1->[Ir+]213(<-N2=C(C=CC=C2)C2=C1C=C(CCCCCCCC)C=C2)<-N1=C(C=C(C(C)(C)C)C=C1)C1=N->3C=CC(C(C)(C)C)=C1.F[P-](F)(F)(F)(F)F,[*]CCCCCCCC,17.77089999999998,1.208053029569033,CC(C)(C1=CC=[N](C(C2=[N]3C=CC(C(C)(C)C)=C2)=C1)[Ir+]453(C6=C(C7=CC=CC=[N]75)C=CC=C6)[N]8=C(C=CC=C8)C9=C4C=CC=C9)C.F[P-](F)(F)(F)(F)F,2,metal_catalyst,11.964899999999984,2.902999999999998
CCCCCCCCC1=CC2=C(C=CC=C2)C(C2=C3C=CC=CC3=CC(CCCCCCCC)=C2O)=C1O,[*]CCCCCCCC,10.877199999999988,1.2762970605020263,Oc(cc1)c(c2c(O)ccc3c2cccc3)c4c1cccc4,2,organocatalyst,5.071200000000003,2.9029999999999925
CCCCCCCCC1=CC2=C(O)C(=C1)CC1=C(O)C(=CC(CCCCCCCC)=C1)CC1=CC(CCCCCCCC)=CC(=C1O)CC1=C(O)C(=CC(CCCCCCCC)=C1)C2,[*]CCCCCCCC,16.79759999999996,1.1851903791072553,Oc1c(Cc2cccc(C3)c2O)cccc1Cc4c(O)c(Cc5c(O)c3ccc5)ccc4,4,organocatalyst,5.185600000000006,2.9029999999999885
CCCCCCCCC1=CC=C([P]([Pd][P](C2=CC=C(CCCCCCCC)C=C2)(C2=CC=C(CCCCCCCC)C=C2)C2=CC=C(CCCCCCCC)C=C2)(C2=CC=C(CCCCCCCC)C=C2)C2=CC=C(CCCCCCCC)C=C2)C=C1,[*]CCCCCCCC,24.305100000000035,1.1839541152968662,c1([P](c2ccccc2)([Pd][P](c3ccccc3)(c4ccccc4)c5ccccc5)c6ccccc6)ccccc1,6,metal_catalyst,6.8871000000000056,2.9030000000000045
CCCCCCCCC1=CC=C2C(=C1)[Ir]13(<-N4=CC=CC=C24)(<-N2=C(C=CC=C2)C2=CC=C(CCCCCCCC)C=C21)<-N1=C(C=CC=C1)C1=CC=C(CCCCCCCC)C=C13,[*]CCCCCCCC,14.47609999999997,1.3774667380080707,C(C=C12)=CC=C1C(C=CC=C3)=[N]3[Ir]452([N]6=C(C=CC=C6)C7=CC=CC=C75)[N](C=CC=C8)=C8C9=CC=CC=C94,3,metal_catalyst,5.7671000000000054,2.902999999999988
CCCCCCCCC1=CC=NC=C1,[*]CCCCCCCC,3.984600000000003,1.4919593315681159,c1cccnc1,1,organocatalyst,1.0816,2.903000000000003
CCCCCCCCC1=CN2C(=C3C=CC=CN3[Ru+2]234(N2C=CC=CC2=C2C=CC(CCCCCCCC)=CN23)N2C=CC=CC2=C2C=CC(CCCCCCCC)=CN24)C=C1.F[P-](F)(F)(F)(F)F.F[P-](F)(F)(F)(F)F,[*]CCCCCCCC,21.81750000000003,1.1868095912607615,F[P-](F)(F)(F)(F)F.F[P-](F)(F)(F)(F)F.n1([Ru+2]23(n4ccccc4c5ccccn53)(n6ccccc67)n8ccccc8c9ccccn29)c7cccc1,3,metal_catalyst,12.455099999999977,3.1208000000000182
CCCCCCCCC1=NC(NS(=O)(=O)CC23CCC(CC2=O)C3(C)C)=CC=C1,[*]CCCCCCCC,5.121700000000005,1.2971938932846263,CC1(C)C2(CCC1CC2=O)CS(Nc3ncccc3)(=O)=O,1,organocatalyst,2.2187,2.903000000000005
CCCCCCCCC1CCC([P](C2CCC(CCCCCCCC)CC2)(C2CCC(CCCCCCCC)CC2)[Co]([C]=O)([C]=O)[C]=O)CC1,[*]CCCCCCCC,14.202699999999972,1.2806661260528989,O=[C][Co]([C]=O)([P](C1CCCCC1)(C2CCCCC2)C3CCCCC3)[C]=O,3,metal_catalyst,5.272600000000005,2.976699999999989
CCCCCCCCC1CNC(=O)N1,[*]CCCCCCCC,2.4184,1.335152986769541,O=C1NCCN1,1,organocatalyst,-0.7008000000000001,3.1192
CCCCCCCCCCC(CCCCCCCCCC)(OC)[C@@H]1CCCN1,[*]CCCCCCCCCC,8.185200000000009,1.7124638733199353,COC[C@H]1NCCC1,2,organocatalyst,0.38479999999999986,3.9002000000000043
CCCCCCCCCCC1=C(C)C(CCCCCCCCCC)=C(C)C(N2CCN(C3=C(C)C(CCCCCCCCCC)=C(C)C(CCCCCCCCCC)=C3C)C2=[Ru](Cl)(Cl)=CC2=C(OC(C)C)C=CC=C2)=C1C,[*]CCCCCCCCCC,22.78312000000001,1.269407639367393,CC(Oc1c(C=[Ru](Cl)(Cl)=C2N(c3c(C)cc(C)cc3C)CCN2c4c(C)cc(C)cc4C)cccc1)C,4,metal_catalyst,8.050320000000008,3.6832000000000007
CCCCCCCCCCC1=C2C=CC=CC2=[N+](C)C2=C1C=CC=C2.[O-][Cl+3]([O-])([O-])[O-],[*]CCCCCCCCCC,1.7447,1.4908446085219098,C[n+]1c2ccccc2cc3ccccc13.O=Cl(=O)([O-])=O,1,organocatalyst,-1.938499999999998,3.6831999999999976
CCCCCCCCCCC1=CC(CCCCCCCCCC)=CC(NC2=C(OC)C(=O)C2=O)=C1,[*]CCCCCCCCCC,8.401200000000006,1.50532693931368,O=c(c(OC)c1Nc2ccccc2)c1=O,2,organocatalyst,1.0347999999999997,3.6832000000000034
CCCCCCCCCCC1=CC2=C(C=C1)C1=CC=CC=N1->[Ir+]213(<-N2=C(C=CC=C2)C2=C1C=C(CCCCCCCCCC)C=C2)<-N1=C(C=C(C(C)(C)C)C=C1)C1=N->3C=CC(C(C)(C)C)=C1.F[P-](F)(F)(F)(F)F,[*]CCCCCCCCCC,19.331299999999995,1.2653051777893922,CC(C)(C1=CC=[N](C(C2=[N]3C=CC(C(C)(C)C)=C2)=C1)[Ir+]453(C6=C(C7=CC=CC=[N]75)C=CC=C6)[N]8=C(C=CC=C8)C9=C4C=CC=C9)C.F[P-](F)(F)(F)(F)F,2,metal_catalyst,11.964899999999984,3.6832000000000056
CCCCCCCCCCC1=CC2=C(C=CC=C2)C(C2=C3C=CC=CC3=CC(CCCCCCCCCC)=C2O)=C1O,[*]CCCCCCCCCC,12.437599999999977,1.3324386120055123,Oc(cc1)c(c2c(O)ccc3c2cccc3)c4c1cccc4,2,organocatalyst,5.071200000000003,3.683199999999987
CCCCCCCCCCC1=CC2=C(O)C(=C1)CC1=C(O)C(=CC(CCCCCCCCCC)=C1)CC1=CC(CCCCCCCCCC)=CC(=C1O)CC1=C(O)C(=CC(CCCCCCCCCC)=C1)C2,[*]CCCCCCCCCC,19.918399999999995,1.2086004036243243,Oc1c(Cc2cccc(C3)c2O)cccc1Cc4c(O)c(Cc5c(O)c3ccc5)ccc4,4,organocatalyst,5.185600000000006,3.683199999999997
CCCCCCCCCCC1=CC=C([P]([Pd][P](C2=CC=C(CCCCCCCCCC)C=C2)(C2=CC=C(CCCCCCCCCC)C=C2)C2=CC=C(CCCCCCCCCC)C=C2)(C2=CC=C(CCCCCCCCCC)C=C2)C2=CC=C(CCCCCCCCCC)C=C2)C=C1,[*]CCCCCCCCCC,28.98630000000008,1.217361309215524,c1([P](c2ccccc2)([Pd][P](c3ccccc3)(c4ccccc4)c5ccccc5)c6ccccc6)ccccc1,6,metal_catalyst,6.8871000000000056,3.6832000000000122
CCCCCCCCCCC1=CC=C2C(=C1)[Ir]13(<-N4=CC=CC=C24)(<-N2=C(C=CC=C2)C2=CC=C(CCCCCCCCCC)C=C21)<-N1=C(C=CC=C1)C1=CC=C(CCCCCCCCCC)C=C13,[*]CCCCCCCCCC,16.81669999999997,1.4807257555509288,C(C=C12)=CC=C1C(C=CC=C3)=[N]3[Ir]452([N]6=C(C=CC=C6)C7=CC=CC=C75)[N](C=CC=C8)=C8C9=CC=CC=C94,3,metal_catalyst,5.7671000000000054,3.6831999999999874
CCCCCCCCCCC1=CC=NC=C1,[*]CCCCCCCCCC,4.764800000000005,1.6812498203715691,c1cccnc1,1,organocatalyst,1.0816,3.6832000000000047
CCCCCCCCCCC1=CN2C(=C3C=CC=CN3[Ru+2]234(N2C=CC=CC2=C2C=CC(CCCCCCCCCC)=CN23)N2C=CC=CC2=C2C=CC(CCCCCCCCCC)=CN24)C=C1.F[P-](F)(F)(F)(F)F.F[P-](F)(F)(F)(F)F,[*]CCCCCCCCCC,24.15810000000005,1.233007725336904,F[P-](F)(F)(F)(F)F.F[P-](F)(F)(F)(F)F.n1([Ru+2]23(n4ccccc4c5ccccn53)(n6ccccc67)n8ccccc8c9ccccn29)c7cccc1,3,metal_catalyst,12.455099999999977,3.9010000000000247
CCCCCCCCCCC1=NC(NS(=O)(=O)CC23CCC(CC2=O)C3(C)C)=CC=C1,[*]CCCCCCCCCC,5.901900000000006,1.3757123230401178,CC1(C)C2(CCC1CC2=O)CS(Nc3ncccc3)(=O)=O,1,organocatalyst,2.2187,3.6832000000000056
CCCCCCCCCCC1CCC([P](C2CCC(CCCCCCCCCC)CC2)(C2CCC(CCCCCCCCCC)CC2)[Co]([C]=O)([C]=O)[C]=O)CC1,[*]CCCCCCCCCC,16.543299999999963,1.3603794414002612,O=[C][Co]([C]=O)([P](C1CCCCC1)(C2CCCCC2)C3CCCCC3)[C]=O,3,metal_catalyst,5.272600000000005,3.756899999999986
CCCCCCCCCCC1CNC(=O)N1,[*]CCCCCCCCCC,3.1986000000000008,1.4582410233632934,O=C1NCCN1,1,organocatalyst,-0.7008000000000001,3.899400000000001
CCCCCCCCCCNC1=C(NCCCCCCCCCC)C(=O)C1=O,[*]CCCCCCCCCC,6.387800000000006,1.5573969821817306,O=c(c(N)c1N)c1=O,2,organocatalyst,-1.553,3.970400000000003
CCCCCCCCCC[P](CCCCCCCCCC)(CCCCCCCCCC)[Co]([C]=O)([C]=O)[C]=O,[*]CCCCCCCCCC,10.696599999999991,1.0622691045406814,O=[C][Co]([PH3])([C]=O)[C]=O,3,metal_catalyst,-1.1357000000000002,3.944099999999997
CCCCCCCCCC[P](CCCCCCCCCC)(CCCCCCCCCC)[RhH](C=O)([P](CCCCCCCCCC)(CCCCCCCCCC)CCCCCCCCCC)[P](CCCCCCCCCC)(CCCCCCCCCC)CCCCCCCCCC,[*]CCCCCCCCCC,35.126900000000056,1.388354177921495,O=C[Rh]([PH3])([PH3])([PH3])[H],9,metal_catalyst,-0.3699999999999999,3.944100000000006
CCCCCCCCCC[P](CCCCCCCCCC)(CCCCCCCCCC)[Ru](Cl)(Cl)(=CC1=CC=CC=C1)[P](CCCCCCCCCC)(CCCCCCCCCC)CCCCCCCCCC,[*]CCCCCCCCCC,26.54350000000006,1.445647661043408,Cl[Ru](Cl)([PH3])([PH3])=Cc1ccccc1,6,metal_catalyst,2.8789000000000025,3.9441000000000095
CCCCCCCCCC[P]1(CCCCCCCCCC)CCC[P](CCCCCCCCCC)(CCCCCCCCCC)[Pd]1(OC(C)=O)OC(C)=O,[*]CCCCCCCCCC,16.92819999999997,1.3261605101664524,O=C(O[Pd]1(OC(C)=O)[PH2](CCC[PH2]1))C,4,metal_catalyst,1.1518,3.944099999999992
CCCCCCCCNC1=C(NCCCCCCCC)C(=O)C1=O,[*]CCCCCCCC,4.827400000000004,1.4772074005487292,O=c(c(N)c1N)c1=O,2,organocatalyst,-1.553,3.190200000000002
CCCCCCCC[P](CCCCCCCC)(CCCCCCCC)[Co]([C]=O)([C]=O)[C]=O,[*]CCCCCCCC,8.356000000000007,1.0115984722319016,O=[C][Co]([PH3])([C]=O)[C]=O,3,metal_catalyst,-1.1357000000000002,3.163900000000002
CCCCCCCC[P](CCCCCCCC)(CCCCCCCC)[RhH](C=O)([P](CCCCCCCC)(CCCCCCCC)CCCCCCCC)[P](CCCCCCCC)(CCCCCCCC)CCCCCCCC,[*]CCCCCCCC,28.105100000000068,1.3511995443331426,O=C[Rh]([PH3])([PH3])([PH3])[H],9,metal_catalyst,-0.3699999999999999,3.1639000000000075
CCCCCCCC[P](CCCCCCCC)(CCCCCCCC)[Ru](Cl)(Cl)(=CC1=CC=CC=C1)[P](CCCCCCCC)(CCCCCCCC)CCCCCCCC,[*]CCCCCCCC,21.86230000000001,1.3874545582579896,Cl[Ru](Cl)([PH3])([PH3])=Cc1ccccc1,6,metal_catalyst,2.8789000000000025,3.1639000000000013
CCCCCCCC[P]1(CCCCCCCC)CCC[P](CCCCCCCC)(CCCCCCCC)[Pd]1(OC(C)=O)OC(C)=O,[*]CCCCCCCC,13.807399999999976,1.2645522426424842,O=C(O[Pd]1(OC(C)=O)[PH2](CCC[PH2]1))C,4,metal_catalyst,1.1518,3.163899999999994
CCCCCCNC1=C(NCCCCCC)C(=O)C1=O,[*]CCCCCC,3.267000000000002,1.3984463040052497,O=c(c(N)c1N)c1=O,2,organocatalyst,-1.553,2.410000000000001
CCCCCC[P](CCCCCC)(CCCCCC)[Co]([C]=O)([C]=O)[C]=O,[*]CCCCCC,6.015400000000007,0.9704497022311327,O=[C][Co]([PH3])([C]=O)[C]=O,3,metal_catalyst,-1.1357000000000002,2.3837000000000024
CCCCCC[P](CCCCCC)(CCCCCC)[RhH](C=O)([P](CCCCCC)(CCCCCC)CCCCCC)[P](CCCCCC)(CCCCCC)CCCCCC,[*]CCCCCC,21.0833,1.2974071427298686,O=C[Rh]([PH3])([PH3])([PH3])[H],9,metal_catalyst,-0.3699999999999999,2.3837
CCCCCC[P](CCCCCC)(CCCCCC)[Ru](Cl)(Cl)(=CC1=CC=CC=C1)[P](CCCCCC)(CCCCCC)CCCCCC,[*]CCCCCC,17.18109999999997,1.3313350021642627,Cl[Ru](Cl)([PH3])([PH3])=Cc1ccccc1,6,metal_catalyst,2.8789000000000025,2.3836999999999944
CCCCCC[P]1(CCCCCC)CCC[P](CCCCCC)(CCCCCC)[Pd]1(OC(C)=O)OC(C)=O,[*]CCCCCC,10.686599999999991,1.2059252025899112,O=C(O[Pd]1(OC(C)=O)[PH2](CCC[PH2]1))C,4,metal_catalyst,1.1518,2.383699999999998
COC(C(C)C)(C(C)C)[C@@H]1CCCN1,[*]C(C)C,2.4356,1.4706423622711375,COC[C@H]1NCCC1,2,organocatalyst,0.38479999999999986,1.0254
COC(C1=CC=CC=C1)(C1=CC=CC=C1)[C@@H]1CCCN1,[*]c1ccccc1,3.3286000000000016,1.4663394255048072,COC[C@H]1NCCC1,2,organocatalyst,0.38479999999999986,1.4719000000000009
COC(C1=CC=NC=C1)(C1=CC=NC=C1)[C@@H]1CCCN1,[*]c1ccncc1,2.1186,1.4912480207375884,COC[C@H]1NCCC1,2,organocatalyst,0.38479999999999986,0.8669
COC(C1CCC2(CCCC2)CC1)(C1CCC2(CCCC2)CC1)[C@@H]1CCCN1,[*]C1CCC2(CCCC2)CC1,6.624800000000008,1.6191748076691446,COC[C@H]1NCCC1,2,organocatalyst,0.38479999999999986,3.1200000000000037
COC(C1CCCCC1)(C1CCCCC1)[C@@H]1CCCN1,[*]C1CCCCC1,4.284200000000004,1.5092881446305282,COC[C@H]1NCCC1,2,organocatalyst,0.38479999999999986,1.949700000000002
COC(C1CCCCCCC1)(C1CCCCCCC1)[C@@H]1CCCN1,[*]C1CCCCCCC1,5.844600000000006,1.599013244515103,COC[C@H]1NCCC1,2,organocatalyst,0.38479999999999986,2.729900000000003
COC(C1CCCCCCCCC1)(C1CCCCCCCCC1)[C@@H]1CCCN1,[*]C1CCCCCCCCC1,7.405000000000008,1.6842937165747591,COC[C@H]1NCCC1,2,organocatalyst,0.38479999999999986,3.510100000000004
COC(N)(N)[C@@H]1CCCN1,[*]N,-1.0439999999999994,1.440066406974822,COC[C@H]1NCCC1,2,organocatalyst,0.38479999999999986,-0.7143999999999996
COC(O)(O)[C@@H]1CCCN1,[*]O,-0.9768,1.2640572298476576,COC[C@H]1NCCC1,2,organocatalyst,0.38479999999999986,-0.6808
COC(OC)(OC)[C@@H]1CCCN1,[*]OC,0.3314000000000002,1.2517636076066039,COC[C@H]1NCCC1,2,organocatalyst,0.38479999999999986,-0.026699999999999835
COC([C@@H]1CCCN1)(C(C)(C)C)C(C)(C)C,[*]C(C)(C)C,3.215800000000001,1.4916029568251323,COC[C@H]1NCCC1,2,organocatalyst,0.38479999999999986,1.4155000000000006
COC([C@@H]1CCCN1)(C(F)(F)F)C(F)(F)F,[*]C(F)(F)F,2.2482,1.346075111654298,COC[C@H]1NCCC1,2,organocatalyst,0.38479999999999986,0.9317000000000002
COC([C@@H]1CCCN1)(C12CC3CC(CC(C3)C1)C2)C12CC3CC(CC(C3)C1)C2,[*]C12CC3CC(CC(C2)C3)C1,5.556400000000006,1.682444284439152,COC[C@H]1NCCC1,2,organocatalyst,0.38479999999999986,2.585800000000003
COC([C@@H]1CCCN1)(N1CCCCC1)N1CCCCC1,[*]N1CCCCC1,2.0104,1.55821906806518,COC[C@H]1NCCC1,2,organocatalyst,0.38479999999999986,0.8128000000000002
COC1=C(C)C(OC)=C(C)C(N2CCN(C3=C(C)C(OC)=C(C)C(OC)=C3C)C2=[Ru](Cl)(Cl)=CC2=C(OC(C)C)C=CC=C2)=C1C,[*]OC,8.08472000000001,0.9710320298808146,CC(Oc1c(C=[Ru](Cl)(Cl)=C2N(c3c(C)cc(C)cc3C)CCN2c4c(C)cc(C)cc4C)cccc1)C,4,metal_catalyst,8.050320000000008,0.008600000000000385
COC1=C(NC2=CC(C(C)(C)C)=CC(C(C)(C)C)=C2)C(=O)C1=O,[*]C(C)(C)C,3.629800000000002,1.2276325078446093,O=c(c(OC)c1Nc2ccccc2)c1=O,2,organocatalyst,1.0347999999999997,1.2975000000000012
COC1=C(NC2=CC(C(C)C)=CC(C(C)C)=C2)C(=O)C1=O,[*]C(C)C,3.281600000000002,1.2372874269779133,O=c(c(OC)c1Nc2ccccc2)c1=O,2,organocatalyst,1.0347999999999997,1.123400000000001
COC1=C(NC2=CC(C(F)(F)F)=CC(C(F)(F)F)=C2)C(=O)C1=O,[*]C(F)(F)F,3.072400000000001,1.2307282507239707,O=c(c(OC)c1Nc2ccccc2)c1=O,2,organocatalyst,1.0347999999999997,1.0188000000000006
COC1=C(NC2=CC(C34CC5CC(CC(C5)C3)C4)=CC(C34CC5CC(CC(C5)C3)C4)=C2)C(=O)C1=O,[*]C12CC3CC(CC(C2)C3)C1,5.970400000000006,1.5050340889586584,O=c(c(OC)c1Nc2ccccc2)c1=O,2,organocatalyst,1.0347999999999997,2.467800000000003
COC1=C(NC2=CC(C3=CC=CC=C3)=CC(C3=CC=CC=C3)=C2)C(=O)C1=O,[*]c1ccccc1,4.368800000000003,1.3454436802628071,O=c(c(OC)c1Nc2ccccc2)c1=O,2,organocatalyst,1.0347999999999997,1.6670000000000016
COC1=C(NC2=CC(C3=CC=NC=C3)=CC(C3=CC=NC=C3)=C2)C(=O)C1=O,[*]c1ccncc1,3.158800000000002,1.3978223616910974,O=c(c(OC)c1Nc2ccccc2)c1=O,2,organocatalyst,1.0347999999999997,1.0620000000000012
COC1=C(NC2=CC(C3CCC4(CCCC4)CC3)=CC(C3CCC4(CCCC4)CC3)=C2)C(=O)C1=O,[*]C1CCC2(CCCC2)CC1,7.470800000000007,1.4708141765644187,O=c(c(OC)c1Nc2ccccc2)c1=O,2,organocatalyst,1.0347999999999997,3.2180000000000035
COC1=C(NC2=CC(C3CCCCC3)=CC(C3CCCCC3)=C2)C(=O)C1=O,[*]C1CCCCC1,5.130200000000004,1.3447922340106508,O=c(c(OC)c1Nc2ccccc2)c1=O,2,organocatalyst,1.0347999999999997,2.047700000000002
COC1=C(NC2=CC(C3CCCCCCC3)=CC(C3CCCCCCC3)=C2)C(=O)C1=O,[*]C1CCCCCCC1,6.690600000000006,1.4064018292439324,O=c(c(OC)c1Nc2ccccc2)c1=O,2,organocatalyst,1.0347999999999997,2.827900000000003
COC1=C(NC2=CC(C3CCCCCCCCC3)=CC(C3CCCCCCCCC3)=C2)C(=O)C1=O,[*]C1CCCCCCCCC1,8.251000000000005,1.4668851900661353,O=c(c(OC)c1Nc2ccccc2)c1=O,2,organocatalyst,1.0347999999999997,3.6081000000000025
COC1=C(NC2=CC(N)=CC(N)=C2)C(=O)C1=O,[*]N,0.1991999999999997,1.2169900156263962,O=c(c(OC)c1Nc2ccccc2)c1=O,2,organocatalyst,1.0347999999999997,-0.4178
COC1=C(NC2=CC(N3CCCCC3)=CC(N3CCCCC3)=C2)C(=O)C1=O,[*]N1CCCCC1,3.0154000000000014,1.3586007070680512,O=c(c(OC)c1Nc2ccccc2)c1=O,2,organocatalyst,1.0347999999999997,0.9903000000000008
COC1=C(NC2=CC(O)=CC(O)=C2)C(=O)C1=O,[*]O,0.4459999999999998,1.243850452726665,O=c(c(OC)c1Nc2ccccc2)c1=O,2,organocatalyst,1.0347999999999997,-0.2944
COC1=C2C=CC=CC2=[N+](C)C2=C1C=CC=C2.[O-][Cl+3]([O-])([O-])[O-],[*]OC,-1.9298999999999973,1.0782398752371531,C[n+]1c2ccccc2cc3ccccc13.O=Cl(=O)([O-])=O,1,organocatalyst,-1.938499999999998,0.008600000000000607
COC1=CC(OC)=CC(NC2=C(OC)C(=O)C2=O)=C1,[*]OC,1.0519999999999998,1.0839401849145864,O=c(c(OC)c1Nc2ccccc2)c1=O,2,organocatalyst,1.0347999999999997,0.008600000000000052
COC1=CC2=C(C=C1)C1=CC=CC=N1->[Ir+]213(<-N2=C(C=CC=C2)C2=C1C=C(OC)C=C2)<-N1=C(C=C(C(C)(C)C)C=C1)C1=N->3C=CC(C(C)(C)C)=C1.F[P-](F)(F)(F)(F)F,[*]OC,11.98209999999998,0.9752454486414417,CC(C)(C1=CC=[N](C(C2=[N]3C=CC(C(C)(C)C)=C2)=C1)[Ir+]453(C6=C(C7=CC=CC=[N]75)C=CC=C6)[N]8=C(C=CC=C8)C9=C4C=CC=C9)C.F[P-](F)(F)(F)(F)F,2,metal_catalyst,11.964899999999984,0.00859999999999772
COC1=CC2=C(C=CC=C2)C(C2=C3C=CC=CC3=CC(OC)=C2O)=C1O,[*]OC,5.0884000000000045,1.0313516570889976,Oc(cc1)c(c2c(O)ccc3c2cccc3)c4c1cccc4,2,organocatalyst,5.071200000000003,0.00860000000000083
COC1=CC2=C(O)C(=C1)CC1=C(O)C(=CC(OC)=C1)CC1=CC(OC)=CC(=C1O)CC1=C(O)C(=CC(OC)=C1)C2,[*]OC,5.220000000000006,1.0533374721546533,Oc1c(Cc2cccc(C3)c2O)cccc1Cc4c(O)c(Cc5c(O)c3ccc5)ccc4,4,organocatalyst,5.185600000000006,0.008599999999999941
COC1=CC=C([P]([Pd][P](C2=CC=C(OC)C=C2)(C2=CC=C(OC)C=C2)C2=CC=C(OC)C=C2)(C2=CC=C(OC)C=C2)C2=CC=C(OC)C=C2)C=C1,[*]OC,6.938700000000006,0.9730864096698932,c1([P](c2ccccc2)([Pd][P](c3ccccc3)(c4ccccc4)c5ccccc5)c6ccccc6)ccccc1,6,metal_catalyst,6.8871000000000056,0.008600000000000088
COC1=CC=C2C(=C1)C1(CC2(C)C)CC(C)(C)C2=C1C=C(OC(OC)(OC1=CC3=C(C=C1)C(C)(C)CC31CC(C)(C)C3=CC=C(OC)C=C31)[C@@H]1CCCN1)C=C2,CC1(C)CC2(CC(C)(C)C3=C2C=C(O[*])C=C3)C4=CC(OC)=CC=C41,10.511199999999995,2.3027302116396884,COC[C@H]1NCCC1,2,organocatalyst,0.38479999999999986,5.0631999999999975
COC1=CC=C2C(=C1)C1(CC2(C)C)CC(C)(C)C2=C1C=C(OC1=C(C)C(OC3=CC4=C(C=C3)C(C)(C)CC43CC(C)(C)C4=CC=C(OC)C=C43)=C(C)C(N3CCN(C4=C(C)C(OC5=CC6=C(C=C5)C(C)(C)CC65CC(C)(C)C6=CC=C(OC)C=C65)=C(C)C(OC5=CC6=C(C=C5)C(C)(C)CC65CC(C)(C)C6=CC=C(OC)C=C65)=C4C)C3=[Ru](Cl)(Cl)=CC3=C(OC(C)C)C=CC=C3)=C1C)C=C2,CC1(C)CC2(CC(C)(C)C3=C2C=C(O[*])C=C3)C4=CC(OC)=CC=C41,29.848720000000096,1.2842035417143038,CC(Oc1c(C=[Ru](Cl)(Cl)=C2N(c3c(C)cc(C)cc3C)CCN2c4c(C)cc(C)cc4C)cccc1)C,4,metal_catalyst,8.050320000000008,5.4496000000000215
COC1=CC=C2C(=C1)C1(CC2(C)C)CC(C)(C)C2=C1C=C(OC1=C3C=CC=CC3=[N+](C)C3=C1C=CC=C3)C=C2.[O-][Cl+3]([O-])([O-])[O-],CC1(C)CC2(CC(C)(C)C3=C2C=C(O[*])C=C3)C4=CC(OC)=CC=C41,3.5111000000000043,2.4055877497704863,C[n+]1c2ccccc2cc3ccccc13.O=Cl(=O)([O-])=O,1,organocatalyst,-1.938499999999998,5.449600000000002
COC1=CC=C2C(=C1)C1(CC2(C)C)CC(C)(C)C2=C1C=C(OC1=CC(OC3=CC4=C(C=C3)C(C)(C)CC43CC(C)(C)C4=CC=C(OC)C=C43)=CC(NC3=C(OC)C(=O)C3=O)=C1)C=C2,CC1(C)CC2(CC(C)(C)C3=C2C=C(O[*])C=C3)C4=CC(OC)=CC=C41,11.933999999999989,1.876209726792348,O=c(c(OC)c1Nc2ccccc2)c1=O,2,organocatalyst,1.0347999999999997,5.449599999999995
COC1=CC=C2C(=C1)C1(CC2(C)C)CC(C)(C)C2=C1C=C(OC1=CC3=C(C=C1)C1=CC=CC=N1->[Ir+]314(<-N3=C(C=CC=C3)C3=C1C=C(OC1=CC5=C(C=C1)C(C)(C)CC51CC(C)(C)C5=CC=C(OC)C=C51)C=C3)<-N1=C(C=C(C(C)(C)C)C=C1)C1=N->4C=CC(C(C)(C)C)=C1)C=C2.F[P-](F)(F)(F)(F)F,CC1(C)CC2(CC(C)(C)C3=C2C=C(O[*])C=C3)C4=CC(OC)=CC=C41,22.86410000000004,1.2665715171470788,CC(C)(C1=CC=[N](C(C2=[N]3C=CC(C(C)(C)C)=C2)=C1)[Ir+]453(C6=C(C7=CC=CC=[N]75)C=CC=C6)[N]8=C(C=CC=C8)C9=C4C=CC=C9)C.F[P-](F)(F)(F)(F)F,2,metal_catalyst,11.964899999999984,5.449600000000028
COC1=CC=C2C(=C1)C1(CC2(C)C)CC(C)(C)C2=C1C=C(OC1=CC3=C(C=CC=C3)C(C3=C4C=CC=CC4=CC(OC4=CC5=C(C=C4)C(C)(C)CC54CC(C)(C)C5=CC=C(OC)C=C54)=C3O)=C1O)C=C2,CC1(C)CC2(CC(C)(C)C3=C2C=C(O[*])C=C3)C4=CC(OC)=CC=C41,15.97039999999996,1.5648945830498575,Oc(cc1)c(c2c(O)ccc3c2cccc3)c4c1cccc4,2,organocatalyst,5.071200000000003,5.449599999999979
COC1=CC=C2C(=C1)C1(CC2(C)C)CC(C)(C)C2=C1C=C(OC1=CC3=C(O)C(=C1)CC1=C(O)C(=CC(OC4=CC5=C(C=C4)C(C)(C)CC54CC(C)(C)C5=CC=C(OC)C=C54)=C1)CC1=CC(OC4=CC5=C(C=C4)C(C)(C)CC54CC(C)(C)C5=CC=C(OC)C=C54)=CC(=C1O)CC1=C(O)C(=CC(OC4=CC5=C(C=C4)C(C)(C)CC54CC(C)(C)C5=CC=C(OC)C=C54)=C1)C3)C=C2,CC1(C)CC2(CC(C)(C)C3=C2C=C(O[*])C=C3)C4=CC(OC)=CC=C41,26.98400000000007,1.2778715471252755,Oc1c(Cc2cccc(C3)c2O)cccc1Cc4c(O)c(Cc5c(O)c3ccc5)ccc4,4,organocatalyst,5.185600000000006,5.449600000000016
COC1=CC=C2C(=C1)C1(CC2(C)C)CC(C)(C)C2=C1C=C(OC1=CC=C([P]([Pd][P](C3=CC=C(OC4=CC5=C(C=C4)C(C)(C)CC54CC(C)(C)C5=CC=C(OC)C=C54)C=C3)(C3=CC=C(OC4=CC5=C(C=C4)C(C)(C)CC54CC(C)(C)C5=CC=C(OC)C=C54)C=C3)C3=CC=C(OC4=CC5=C(C=C4)C(C)(C)CC54CC(C)(C)C5=CC=C(OC)C=C54)C=C3)(C3=CC=C(OC4=CC5=C(C=C4)C(C)(C)CC54CC(C)(C)C5=CC=C(OC)C=C54)C=C3)C3=CC=C(OC4=CC5=C(C=C4)C(C)(C)CC54CC(C)(C)C5=CC=C(OC)C=C54)C=C3)C=C1)C=C2,CC1(C)CC2(CC(C)(C)C3=C2C=C(O[*])C=C3)C4=CC(OC)=CC=C41,39.58469999999996,1.2151762020377217,c1([P](c2ccccc2)([Pd][P](c3ccccc3)(c4ccccc4)c5ccccc5)c6ccccc6)ccccc1,6,metal_catalyst,6.8871000000000056,5.449599999999993
COC1=CC=C2C(=C1)C1(CC2(C)C)CC(C)(C)C2=C1C=C(OC1=CC=C3C(=C1)[Ir]14(<-N5=CC=CC=C35)(<-N3=C(C=CC=C3)C3=CC=C(OC5=CC6=C(C=C5)C(C)(C)CC65CC(C)(C)C6=CC=C(OC)C=C65)C=C31)<-N1=C(C=CC=C1)C1=CC=C(OC3=CC5=C(C=C3)C(C)(C)CC53CC(C)(C)C5=CC=C(OC)C=C53)C=C14)C=C2,CC1(C)CC2(CC(C)(C)C3=C2C=C(O[*])C=C3)C4=CC(OC)=CC=C41,22.115900000000018,1.4898424054741624,C(C=C12)=CC=C1C(C=CC=C3)=[N]3[Ir]452([N]6=C(C=CC=C6)C7=CC=CC=C75)[N](C=CC=C8)=C8C9=CC=CC=C94,3,metal_catalyst,5.7671000000000054,5.449600000000004
COC1=CC=C2C(=C1)C1(CC2(C)C)CC(C)(C)C2=C1C=C(OC1=CC=NC=C1)C=C2,CC1(C)CC2(CC(C)(C)C3=C2C=C(O[*])C=C3)C4=CC(OC)=CC=C41,6.531200000000007,5.778372728671666,c1cccnc1,1,organocatalyst,1.0816,5.449600000000007
COC1=CC=C2C(=C1)C1(CC2(C)C)CC(C)(C)C2=C1C=C(OC1=CN3C(=C4C=CC=CN4[Ru+2]345(N3C=CC=CC3=C3C=CC(OC6=CC7=C(C=C6)C(C)(C)CC76CC(C)(C)C7=CC=C(OC)C=C76)=CN34)N3C=CC=CC3=C3C=CC(OC4=CC6=C(C=C4)C(C)(C)CC64CC(C)(C)C6=CC=C(OC)C=C64)=CN35)C=C1)C=C2.F[P-](F)(F)(F)(F)F.F[P-](F)(F)(F)(F)F,CC1(C)CC2(CC(C)(C)C3=C2C=C(O[*])C=C3)C4=CC(OC)=CC=C41,27.64710000000009,1.2945931825799428,F[P-](F)(F)(F)(F)F.F[P-](F)(F)(F)(F)F.n1([Ru+2]23(n4ccccc4c5ccccn53)(n6ccccc67)n8ccccc8c9ccccn29)c7cccc1,3,metal_catalyst,12.455099999999977,5.064000000000038
COC1=CC=C2C(=C1)C1(CC2(C)C)CC(C)(C)C2=C1C=C(OC1=NC(NS(=O)(=O)CC34CCC(CC3=O)C4(C)C)=CC=C1)C=C2,CC1(C)CC2(CC(C)(C)C3=C2C=C(O[*])C=C3)C4=CC(OC)=CC=C41,7.668300000000008,1.7365922842093284,CC1(C)C2(CCC1CC2=O)CS(Nc3ncccc3)(=O)=O,1,organocatalyst,2.2187,5.449600000000008
COC1=CC=C2C(=C1)C1(CC2(C)C)CC(C)(C)C2=C1C=C(OC1CCC([P](C3CCC(OC4=CC5=C(C=C4)C(C)(C)CC54CC(C)(C)C5=CC=C(OC)C=C54)CC3)(C3CCC(OC4=CC5=C(C=C4)C(C)(C)CC54CC(C)(C)C5=CC=C(OC)C=C54)CC3)[Co]([C]=O)([C]=O)[C]=O)CC1)C=C2,CC1(C)CC2(CC(C)(C)C3=C2C=C(O[*])C=C3)C4=CC(OC)=CC=C41,19.41699999999999,1.437485789880745,O=[C][Co]([C]=O)([P](C1CCCCC1)(C2CCCCC2)C3CCCCC3)[C]=O,3,metal_catalyst,5.272600000000005,4.714799999999996
COC1=CC=C2C(=C1)C1(CC2(C)C)CC(C)(C)C2=C1C=C(OC1CNC(=O)N1)C=C2,CC1(C)CC2(CC(C)(C)C3=C2C=C(O[*])C=C3)C4=CC(OC)=CC=C41,4.361600000000003,3.0099452536045717,O=C1NCCN1,1,organocatalyst,-0.7008000000000001,5.062400000000003
COC1=CC=C2C(=C1)C1(CC2(C)C)CC(C)(C)C2=C1C=C(ONC1=C(NOC3=CC4=C(C=C3)C(C)(C)CC43CC(C)(C)C4=CC=C(OC)C=C43)C(=O)C1=O)C=C2,CC1(C)CC2(CC(C)(C)C3=C2C=C(O[*])C=C3)C4=CC(OC)=CC=C41,9.409,2.1245485573687684,O=c(c(N)c1N)c1=O,2,organocatalyst,-1.553,5.481
COC1=CC=C2C(=C1)C1(CC2(C)C)CC(C)(C)C2=C1C=C(O[P](OC1=CC3=C(C=C1)C(C)(C)CC31CC(C)(C)C3=CC=C(OC)C=C31)(OC1=CC3=C(C=C1)C(C)(C)CC31CC(C)(C)C3=CC=C(OC)C=C31)[Co]([C]=O)([C]=O)[C]=O)C=C2,CC1(C)CC2(CC(C)(C)C3=C2C=C(O[*])C=C3)C4=CC(OC)=CC=C41,15.228399999999963,1.165040822435795,O=[C][Co]([PH3])([C]=O)[C]=O,3,metal_catalyst,-1.1357000000000002,5.454699999999988
COC1=CC=C2C(=C1)C1(CC2(C)C)CC(C)(C)C2=C1C=C(O[P](OC1=CC3=C(C=C1)C(C)(C)CC31CC(C)(C)C3=CC=C(OC)C=C31)(OC1=CC3=C(C=C1)C(C)(C)CC31CC(C)(C)C3=CC=C(OC)C=C31)[RhH](C=O)([P](OC1=CC3=C(C=C1)C(C)(C)CC31CC(C)(C)C3=CC=C(OC)C=C31)(OC1=CC3=C(C=C1)C(C)(C)CC31CC(C)(C)C3=CC=C(OC)C=C31)OC1=CC3=C(C=C1)C(C)(C)CC31CC(C)(C)C3=CC=C(OC)C=C31)[P](OC1=CC3=C(C=C1)C(C)(C)CC31CC(C)(C)C3=CC=C(OC)C=C31)(OC1=CC3=C(C=C1)C(C)(C)CC31CC(C)(C)C3=CC=C(OC)C=C31)OC1=CC3=C(C=C1)C(C)(C)CC31CC(C)(C)C3=CC=C(OC)C=C31)C=C2,CC1(C)CC2(CC(C)(C)C3=C2C=C(O[*])C=C3)C4=CC(OC)=CC=C41,48.7222999999998,1.3740603913729568,O=C[Rh]([PH3])([PH3])([PH3])[H],9,metal_catalyst,-0.3699999999999999,5.454699999999978
COC1=CC=C2C(=C1)C1(CC2(C)C)CC(C)(C)C2=C1C=C(O[P](OC1=CC3=C(C=C1)C(C)(C)CC31CC(C)(C)C3=CC=C(OC)C=C31)(OC1=CC3=C(C=C1)C(C)(C)CC31CC(C)(C)C3=CC=C(OC)C=C31)[Ru](Cl)(Cl)(=CC1=CC=CC=C1)[P](OC1=CC3=C(C=C1)C(C)(C)CC31CC(C)(C)C3=CC=C(OC)C=C31)(OC1=CC3=C(C=C1)C(C)(C)CC31CC(C)(C)C3=CC=C(OC)C=C31)OC1=CC3=C(C=C1)C(C)(C)CC31CC(C)(C)C3=CC=C(OC)C=C31)C=C2,CC1(C)CC2(CC(C)(C)C3=C2C=C(O[*])C=C3)C4=CC(OC)=CC=C41,35.60710000000004,1.432279130070132,Cl[Ru](Cl)([PH3])([PH3])=Cc1ccccc1,6,metal_catalyst,2.8789000000000025,5.454700000000006
COC1=CC=C2C(=C1)C1(CC2(C)C)CC(C)(C)C2=C1C=C(O[P]1(OC3=CC4=C(C=C3)C(C)(C)CC43CC(C)(C)C4=CC=C(OC)C=C43)CCC[P](OC3=CC4=C(C=C3)C(C)(C)CC43CC(C)(C)C4=CC=C(OC)C=C43)(OC3=CC4=C(C=C3)C(C)(C)CC43CC(C)(C)C4=CC=C(OC)C=C43)[Pd]1(OC(C)=O)OC(C)=O)C=C2,CC1(C)CC2(CC(C)(C)C3=C2C=C(O[*])C=C3)C4=CC(OC)=CC=C41,22.97060000000002,1.3829119160022159,O=C(O[Pd]1(OC(C)=O)[PH2](CCC[PH2]1))C,4,metal_catalyst,1.1518,5.454700000000004
COC1=CC=C2C(=C1)[Ir]13(<-N4=CC=CC=C24)(<-N2=C(C=CC=C2)C2=CC=C(OC)C=C21)<-N1=C(C=CC=C1)C1=CC=C(OC)C=C13,[*]OC,5.792900000000006,1.0326701838322565,C(C=C12)=CC=C1C(C=CC=C3)=[N]3[Ir]452([N]6=C(C=CC=C6)C7=CC=CC=C75)[N](C=CC=C8)=C8C9=CC=CC=C94,3,metal_catalyst,5.7671000000000054,0.008600000000000088
COC1=CC=NC=C1,[*]OC,1.0901999999999998,1.0168068189291353,c1cccnc1,1,organocatalyst,1.0816,0.008599999999999941
COC1=CN2C(=C3C=CC=CN3[Ru+2]234(N2C=CC=CC2=C2C=CC(OC)=CN23)N2C=CC=CC2=C2C=CC(OC)=CN24)C=C1.F[P-](F)(F)(F)(F)F.F[P-](F)(F)(F)(F)F,[*]OC,12.377399999999982,1.0034169180866945,F[P-](F)(F)(F)(F)F.F[P-](F)(F)(F)(F)F.n1([Ru+2]23(n4ccccc4c5ccccn53)(n6ccccc67)n8ccccc8c9ccccn29)c7cccc1,3,metal_catalyst,12.455099999999977,-0.025899999999998258
COC1=NC(NS(=O)(=O)CC23CCC(CC2=O)C3(C)C)=CC=C1,[*]OC,2.2273,1.0460519216307869,CC1(C)C2(CCC1CC2=O)CS(Nc3ncccc3)(=O)=O,1,organocatalyst,2.2187,0.008599999999999941
COC1CCC([P](C2CCC(OC)CC2)(C2CCC(OC)CC2)[Co]([C]=O)([C]=O)[C]=O)CC1,[*]OC,4.147300000000004,1.002939996437802,O=[C][Co]([C]=O)([P](C1CCCCC1)(C2CCCCC2)C3CCCCC3)[C]=O,3,metal_catalyst,5.272600000000005,-0.3751000000000004
COC1CNC(=O)N1,[*]OC,-0.7283,1.0935119846142378,O=C1NCCN1,1,organocatalyst,-0.7008000000000001,-0.027499999999999858
CONC1=C(NOC)C(=O)C1=O,[*]OC,-0.7707999999999997,1.1732688843691201,O=c(c(N)c1N)c1=O,2,organocatalyst,-1.553,0.3911000000000001
CO[P](OC)(OC)[Co]([C]=O)([C]=O)[C]=O,[*]OC,-0.0413000000000001,1.0138692866802383,O=[C][Co]([PH3])([C]=O)[C]=O,3,metal_catalyst,-1.1357000000000002,0.3648
CO[P](OC)(OC)[RhH](C=O)([P](OC)(OC)OC)[P](OC)(OC)OC,[*]OC,2.9132000000000016,1.1911179805853955,O=C[Rh]([PH3])([PH3])([PH3])[H],9,metal_catalyst,-0.3699999999999999,0.3648000000000002
CO[P](OC)(OC)[Ru](Cl)(Cl)(=CC1=CC=CC=C1)[P](OC)(OC)OC,[*]OC,5.067700000000005,1.181662764957291,Cl[Ru](Cl)([PH3])([PH3])=Cc1ccccc1,6,metal_catalyst,2.8789000000000025,0.3648000000000004
CO[P]1(OC)CCC[P](OC)(OC)[Pd]1(OC(C)=O)OC(C)=O,[*]OC,2.6110000000000007,1.1355549548392345,O=C(O[Pd]1(OC(C)=O)[PH2](CCC[PH2]1))C,4,metal_catalyst,1.1518,0.3648000000000002
C[N+]1=C2C=CC=CC2=C(C(C)(C)C)C2=C1C=CC=C2.[O-][Cl+3]([O-])([O-])[O-],[*]C(C)(C)C,-0.6409999999999991,1.1961665497996559,C[n+]1c2ccccc2cc3ccccc13.O=Cl(=O)([O-])=O,1,organocatalyst,-1.938499999999998,1.2974999999999988
C[N+]1=C2C=CC=CC2=C(C(F)(F)F)C2=C1C=CC=C2.[O-][Cl+3]([O-])([O-])[O-],[*]C(F)(F)F,-0.9196999999999992,1.166170610730447,C[n+]1c2ccccc2cc3ccccc13.O=Cl(=O)([O-])=O,1,organocatalyst,-1.938499999999998,1.0187999999999988
C[N+]1=C2C=CC=CC2=C(C23CC4CC(CC(C4)C2)C3)C2=C1C=CC=C2.[O-][Cl+3]([O-])([O-])[O-],[*]C12CC3CC(CC(C2)C3)C1,0.5292999999999999,1.4452373193097765,C[n+]1c2ccccc2cc3ccccc13.O=Cl(=O)([O-])=O,1,organocatalyst,-1.938499999999998,2.4677999999999978
C[N+]1=C2C=CC=CC2=C(C2=CC=CC=C2)C2=C1C=CC=C2.[O-][Cl+3]([O-])([O-])[O-],[*]c1ccccc1,-0.2714999999999994,1.2220808749883894,C[n+]1c2ccccc2cc3ccccc13.O=Cl(=O)([O-])=O,1,organocatalyst,-1.938499999999998,1.6669999999999985
C[N+]1=C2C=CC=CC2=C(C2=CC=NC=C2)C2=C1C=CC=C2.[O-][Cl+3]([O-])([O-])[O-],[*]c1ccncc1,-0.8764999999999996,1.2365154512189047,C[n+]1c2ccccc2cc3ccccc13.O=Cl(=O)([O-])=O,1,organocatalyst,-1.938499999999998,1.0619999999999983
C[N+]1=C2C=CC=CC2=C(C2CCC3(CCCC3)CC2)C2=C1C=CC=C2.[O-][Cl+3]([O-])([O-])[O-],[*]C1CCC2(CCCC2)CC1,1.2795000000000007,1.462319285145274,C[n+]1c2ccccc2cc3ccccc13.O=Cl(=O)([O-])=O,1,organocatalyst,-1.938499999999998,3.2179999999999986
C[N+]1=C2C=CC=CC2=C(C2CCCCC2)C2=C1C=CC=C2.[O-][Cl+3]([O-])([O-])[O-],[*]C1CCCCC1,0.1092000000000008,1.261734136007281,C[n+]1c2ccccc2cc3ccccc13.O=Cl(=O)([O-])=O,1,organocatalyst,-1.938499999999998,2.0476999999999985
C[N+]1=C2C=CC=CC2=C(C2CCCCCCC2)C2=C1C=CC=C2.[O-][Cl+3]([O-])([O-])[O-],[*]C1CCCCCCC1,0.8894000000000002,1.3435674397260715,C[n+]1c2ccccc2cc3ccccc13.O=Cl(=O)([O-])=O,1,organocatalyst,-1.938499999999998,2.827899999999998
C[N+]1=C2C=CC=CC2=C(C2CCCCCCCCC2)C2=C1C=CC=C2.[O-][Cl+3]([O-])([O-])[O-],[*]C1CCCCCCCCC1,1.6696000000000004,1.4328072981881363,C[n+]1c2ccccc2cc3ccccc13.O=Cl(=O)([O-])=O,1,organocatalyst,-1.938499999999998,3.6080999999999985
C[N+]1=C2C=CC=CC2=C(N)C2=C1C=CC=C2.[O-][Cl+3]([O-])([O-])[O-],[*]N,-2.3562999999999983,1.0859642071554496,C[n+]1c2ccccc2cc3ccccc13.O=Cl(=O)([O-])=O,1,organocatalyst,-1.938499999999998,-0.4178000000000004
C[N+]1=C2C=CC=CC2=C(N2CCCCC2)C2=C1C=CC=C2.[O-][Cl+3]([O-])([O-])[O-],[*]N1CCCCC1,-0.9481999999999976,1.2584597151590755,C[n+]1c2ccccc2cc3ccccc13.O=Cl(=O)([O-])=O,1,organocatalyst,-1.938499999999998,0.9903000000000003
C[N+]1=C2C=CC=CC2=C(O)C2=C1C=CC=C2.[O-][Cl+3]([O-])([O-])[O-],[*]O,-2.232899999999999,1.0841766135124657,C[n+]1c2ccccc2cc3ccccc13.O=Cl(=O)([O-])=O,1,organocatalyst,-1.938499999999998,-0.2944000000000011
Cl[Ru](Cl)(=CC1=CC=CC=C1)([P](C12CC3CC(CC(C3)C1)C2)(C12CC3CC(CC(C3)C1)C2)C12CC3CC(CC(C3)C1)C2)[P](C12CC3CC(CC(C3)C1)C2)(C12CC3CC(CC(C3)C1)C2)C12CC3CC(CC(C3)C1)C2,[*]C12CC3CC(CC(C2)C3)C1,19.512099999999982,1.6140863363193982,Cl[Ru](Cl)([PH3])([PH3])=Cc1ccccc1,6,metal_catalyst,2.8789000000000025,2.7721999999999967
Cl[Ru](Cl)(=CC1=CC=CC=C1)([P](C1=CC=CC=C1)(C1=CC=CC=C1)C1=CC=CC=C1)[P](C1=CC=CC=C1)(C1=CC=CC=C1)C1=CC=CC=C1,[*]c1ccccc1,9.6523,1.2277700017007047,Cl[Ru](Cl)([PH3])([PH3])=Cc1ccccc1,6,metal_catalyst,2.8789000000000025,1.1288999999999996
Cl[Ru](Cl)(=CC1=CC=CC=C1)([P](C1=CC=NC=C1)(C1=CC=NC=C1)C1=CC=NC=C1)[P](C1=CC=NC=C1)(C1=CC=NC=C1)C1=CC=NC=C1,[*]c1ccncc1,6.022300000000009,1.165330487851701,Cl[Ru](Cl)([PH3])([PH3])=Cc1ccccc1,6,metal_catalyst,2.8789000000000025,0.5239000000000011
Cl[Ru](Cl)(=CC1=CC=CC=C1)([P](C1CCC2(CCCC2)CC1)(C1CCC2(CCCC2)CC1)C1CCC2(CCCC2)CC1)[P](C1CCC2(CCCC2)CC1)(C1CCC2(CCCC2)CC1)C1CCC2(CCCC2)CC1,[*]C1CCC2(CCCC2)CC1,22.71730000000002,1.8857586056279017,Cl[Ru](Cl)([PH3])([PH3])=Cc1ccccc1,6,metal_catalyst,2.8789000000000025,3.306400000000003
Cl[Ru](Cl)(=CC1=CC=CC=C1)([P](C1CCCCC1)(C1CCCCC1)C1CCCCC1)[P](C1CCCCC1)(C1CCCCC1)C1CCCCC1,[*]C1CCCCC1,15.695499999999958,1.5126185049346612,Cl[Ru](Cl)([PH3])([PH3])=Cc1ccccc1,6,metal_catalyst,2.8789000000000025,2.1360999999999923
Cl[Ru](Cl)(=CC1=CC=CC=C1)([P](C1CCCCCCC1)(C1CCCCCCC1)C1CCCCCCC1)[P](C1CCCCCCC1)(C1CCCCCCC1)C1CCCCCCC1,[*]C1CCCCCCC1,20.3767,1.6030692764247352,Cl[Ru](Cl)([PH3])([PH3])=Cc1ccccc1,6,metal_catalyst,2.8789000000000025,2.9162999999999997
Cl[Ru](Cl)(=CC1=CC=CC=C1)([P](C1CCCCCCCCC1)(C1CCCCCCCCC1)C1CCCCCCCCC1)[P](C1CCCCCCCCC1)(C1CCCCCCCCC1)C1CCCCCCCCC1,[*]C1CCCCCCCCC1,25.057900000000046,1.6944454409844025,Cl[Ru](Cl)([PH3])([PH3])=Cc1ccccc1,6,metal_catalyst,2.8789000000000025,3.6965000000000074
Cl[Ru](Cl)(=CC1=CC=CC=C1)([P](N1CCCCC1)(N1CCCCC1)N1CCCCC1)[P](N1CCCCC1)(N1CCCCC1)N1CCCCC1,[*]N1CCCCC1,10.104699999999998,1.3156956249006422,Cl[Ru](Cl)([PH3])([PH3])=Cc1ccccc1,6,metal_catalyst,2.8789000000000025,1.2042999999999993
FC(F)(F)C1=CC=C([P]([Pd][P](C2=CC=C(C(F)(F)F)C=C2)(C2=CC=C(C(F)(F)F)C=C2)C2=CC=C(C(F)(F)F)C=C2)(C2=CC=C(C(F)(F)F)C=C2)C2=CC=C(C(F)(F)F)C=C2)C=C1,[*]C(F)(F)F,12.999899999999982,1.0886003836932931,c1([P](c2ccccc2)([Pd][P](c3ccccc3)(c4ccccc4)c5ccccc5)c6ccccc6)ccccc1,6,metal_catalyst,6.8871000000000056,1.0187999999999962
FC(F)(F)C1=CC=C2C(=C1)[Ir]13(<-N4=CC=CC=C24)(<-N2=C(C=CC=C2)C2=CC=C(C(F)(F)F)C=C21)<-N1=C(C=CC=C1)C1=CC=C(C(F)(F)F)C=C13,[*]C(F)(F)F,8.823500000000003,1.1583198599762654,C(C=C12)=CC=C1C(C=CC=C3)=[N]3[Ir]452([N]6=C(C=CC=C6)C7=CC=CC=C75)[N](C=CC=C8)=C8C9=CC=CC=C94,3,metal_catalyst,5.7671000000000054,1.018799999999999
FC(F)(F)C1=CC=NC=C1,[*]C(F)(F)F,2.1004,1.2959201655106065,c1cccnc1,1,organocatalyst,1.0816,1.0188000000000001
FC(F)(F)C1=CN2C(=C3C=CC=CN3[Ru+2]234(N2C=CC=CC2=C2C=CC(C(F)(F)F)=CN23)N2C=CC=CC2=C2C=CC(C(F)(F)F)=CN24)C=C1.F[P-](F)(F)(F)(F)F.F[P-](F)(F)(F)(F)F,[*]C(F)(F)F,15.252599999999983,1.1082852283441758,F[P-](F)(F)(F)(F)F.F[P-](F)(F)(F)(F)F.n1([Ru+2]23(n4ccccc4c5ccccn53)(n6ccccc67)n8ccccc8c9ccccn29)c7cccc1,3,metal_catalyst,12.455099999999977,0.9325000000000022
FC(F)(F)[P](C(F)(F)F)(C(F)(F)F)[Ru](Cl)(Cl)(=CC1=CC=CC=C1)[P](C(F)(F)F)(C(F)(F)F)C(F)(F)F,[*]C(F)(F)F,10.818099999999994,1.2941927849874681,Cl[Ru](Cl)([PH3])([PH3])=Cc1ccccc1,6,metal_catalyst,2.8789000000000025,1.3231999999999986
F[P-](F)(F)(F)(F)F.F[P-](F)(F)(F)(F)F.NC1=CN2C(=C3C=CC=CN3[Ru+2]234(N2C=CC=CC2=C2C=CC(N)=CN23)N2C=CC=CC2=C2C=CC(N)=CN24)C=C1,[*]N,10.314299999999996,0.977470418602818,F[P-](F)(F)(F)(F)F.F[P-](F)(F)(F)(F)F.n1([Ru+2]23(n4ccccc4c5ccccn53)(n6ccccc67)n8ccccc8c9ccccn29)c7cccc1,3,metal_catalyst,12.455099999999977,-0.7135999999999937
F[P-](F)(F)(F)(F)F.F[P-](F)(F)(F)(F)F.OC1=CN2C(=C3C=CC=CN3[Ru+2]234(N2C=CC=CC2=C2C=CC(O)=CN23)N2C=CC=CC2=C2C=CC(O)=CN24)C=C1,[*]O,12.11219999999998,0.9683108946904319,F[P-](F)(F)(F)(F)F.F[P-](F)(F)(F)(F)F.n1([Ru+2]23(n4ccccc4c5ccccn53)(n6ccccc67)n8ccccc8c9ccccn29)c7cccc1,3,metal_catalyst,12.455099999999977,-0.11429999999999889
NC1=CC2=C(C=CC=C2)C(C2=C3C=CC=CC3=CC(N)=C2O)=C1O,[*]N,4.235600000000003,1.1159536883855465,Oc(cc1)c(c2c(O)ccc3c2cccc3)c4c1cccc4,2,organocatalyst,5.071200000000003,-0.4177999999999997
NC1=CC2=C(O)C(=C1)CC1=C(O)C(=CC(N)=C1)CC1=CC(N)=CC(=C1O)CC1=C(O)C(=CC(N)=C1)C2,[*]N,3.514400000000001,1.1207929350164656,Oc1c(Cc2cccc(C3)c2O)cccc1Cc4c(O)c(Cc5c(O)c3ccc5)ccc4,4,organocatalyst,5.185600000000006,-0.4178000000000013
NC1=CC=C([P]([Pd][P](C2=CC=C(N)C=C2)(C2=CC=C(N)C=C2)C2=CC=C(N)C=C2)(C2=CC=C(N)C=C2)C2=CC=C(N)C=C2)C=C1,[*]N,4.380300000000002,1.0598446263083878,c1([P](c2ccccc2)([Pd][P](c3ccccc3)(c4ccccc4)c5ccccc5)c6ccccc6)ccccc1,6,metal_catalyst,6.8871000000000056,-0.4178000000000006
NC1=CC=C2C(=C1)[Ir]13(<-N4=CC=CC=C24)(<-N2=C(C=CC=C2)C2=CC=C(N)C=C21)<-N1=C(C=CC=C1)C1=CC=C(N)C=C13,[*]N,4.513700000000002,1.1313657855719907,C(C=C12)=CC=C1C(C=CC=C3)=[N]3[Ir]452([N]6=C(C=CC=C6)C7=CC=CC=C75)[N](C=CC=C8)=C8C9=CC=CC=C94,3,metal_catalyst,5.7671000000000054,-0.4178000000000012
NC1=CC=NC=C1,[*]N,0.6638000000000001,1.1928527851843485,c1cccnc1,1,organocatalyst,1.0816,-0.41779999999999984
NC1CCC([P](C2CCC(N)CC2)(C2CCC(N)CC2)[Co]([C]=O)([C]=O)[C]=O)CC1,[*]N,2.084199999999999,0.9979127397263721,O=[C][Co]([C]=O)([P](C1CCCCC1)(C2CCCCC2)C3CCCCC3)[C]=O,3,metal_catalyst,5.272600000000005,-1.062800000000002
NC1CNC(=O)N1,[*]N,-1.416,1.2558043508459646,O=C1NCCN1,1,organocatalyst,-0.7008000000000001,-0.7151999999999998
NNC1=C(NN)C(=O)C1=O,[*]N,-2.1462000000000003,1.171843787636746,O=c(c(N)c1N)c1=O,2,organocatalyst,-1.553,-0.2966000000000002
N[P](N)(N)[Co]([C]=O)([C]=O)[C]=O,[*]N,-2.1044,1.1063165633356318,O=[C][Co]([PH3])([C]=O)[C]=O,3,metal_catalyst,-1.1357000000000002,-0.32289999999999996
N[P](N)(N)[RhH](C=O)([P](N)(N)N)[P](N)(N)N,[*]N,-3.2761,1.1540352399190723,O=C[Rh]([PH3])([PH3])([PH3])[H],9,metal_catalyst,-0.3699999999999999,-0.3229
N[P](N)(N)[Ru](Cl)(Cl)(=CC1=CC=CC=C1)[P](N)(N)N,[*]N,0.9415000000000002,1.1686433500621758,Cl[Ru](Cl)([PH3])([PH3])=Cc1ccccc1,6,metal_catalyst,2.8789000000000025,-0.32290000000000035
O=C1C(NC(F)(F)F)=C(NC(F)(F)F)C1=O,[*]C(F)(F)F,1.146,1.2203368185247194,O=c(c(N)c1N)c1=O,2,organocatalyst,-1.553,1.3495
O=C1C(NC23CC4CC(CC(C4)C2)C3)=C(NC23CC4CC(CC(C4)C2)C3)C1=O,[*]C12CC3CC(CC(C2)C3)C1,4.044000000000003,1.4964507689393656,O=c(c(N)c1N)c1=O,2,organocatalyst,-1.553,2.7985000000000015
O=C1C(NC2=CC=CC=C2)=C(NC2=CC=CC=C2)C1=O,[*]c1ccccc1,2.7698,1.32896827679991,O=c(c(N)c1N)c1=O,2,organocatalyst,-1.553,2.1614
O=C1C(NC2=CC=NC=C2)=C(NC2=CC=NC=C2)C1=O,[*]c1ccncc1,1.5598,1.3520583686490604,O=c(c(N)c1N)c1=O,2,organocatalyst,-1.553,1.5564
O=C1C(NC2CCC3(CCCC3)CC2)=C(NC2CCC3(CCCC3)CC2)C1=O,[*]C1CCC2(CCCC2)CC1,5.1124000000000045,1.4693367315736947,O=c(c(N)c1N)c1=O,2,organocatalyst,-1.553,3.332700000000002
O=C1C(NC2CCCCC2)=C(NC2CCCCC2)C1=O,[*]C1CCCCC1,2.7718000000000007,1.3156109369804596,O=c(c(N)c1N)c1=O,2,organocatalyst,-1.553,2.1624000000000003
O=C1C(NC2CCCCCCC2)=C(NC2CCCCCCC2)C1=O,[*]C1CCCCCCC1,4.332200000000004,1.3982818675750082,O=c(c(N)c1N)c1=O,2,organocatalyst,-1.553,2.942600000000002
O=C1C(NC2CCCCCCCCC2)=C(NC2CCCCCCCCC2)C1=O,[*]C1CCCCCCCCC1,5.892600000000006,1.4770757909347374,O=c(c(N)c1N)c1=O,2,organocatalyst,-1.553,3.722800000000003
O=C1C(NN2CCCCC2)=C(NN2CCCCC2)C1=O,[*]N1CCCCC1,0.9081999999999996,1.4196245943254568,O=c(c(N)c1N)c1=O,2,organocatalyst,-1.553,1.2305999999999997
O=C1C(NO)=C(NO)C1=O,[*]O,-1.1152000000000004,1.1364114419759455,O=c(c(N)c1N)c1=O,2,organocatalyst,-1.553,0.21889999999999976
O=C1NCC(C(F)(F)F)N1,[*]C(F)(F)F,0.2300999999999999,1.038655356734181,O=C1NCCN1,1,organocatalyst,-0.7008000000000001,0.9309
O=C1NCC(C23CC4CC(CC(C4)C2)C3)N1,[*]C12CC3CC(CC(C2)C3)C1,1.8842,1.3137815422796546,O=C1NCCN1,1,organocatalyst,-0.7008000000000001,2.585
O=C1NCC(C2=CC=CC=C2)N1,[*]c1ccccc1,1.0405,1.1630320498993139,O=C1NCCN1,1,organocatalyst,-0.7008000000000001,1.7413
O=C1NCC(C2=CC=NC=C2)N1,[*]c1ccncc1,0.4355,1.1780532542088957,O=C1NCCN1,1,organocatalyst,-0.7008000000000001,1.1363
O=C1NCC(C2CCC3(CCCC3)CC2)N1,[*]C1CCC2(CCCC2)CC1,2.4184,1.3555220082121304,O=C1NCCN1,1,organocatalyst,-0.7008000000000001,3.1192
O=C1NCC(C2CCCCC2)N1,[*]C1CCCCC1,1.2481,1.1755862359756928,O=C1NCCN1,1,organocatalyst,-0.7008000000000001,1.9489
O=C1NCC(C2CCCCCCC2)N1,[*]C1CCCCCCC1,2.0283,1.2534092903829552,O=C1NCCN1,1,organocatalyst,-0.7008000000000001,2.7291000000000003
O=C1NCC(C2CCCCCCCCC2)N1,[*]C1CCCCCCCCC1,2.8085000000000004,1.3613437229790877,O=C1NCCN1,1,organocatalyst,-0.7008000000000001,3.5093000000000005
O=C1NCC(N2CCCCC2)N1,[*]N1CCCCC1,0.1111999999999995,1.4024078434736191,O=C1NCCN1,1,organocatalyst,-0.7008000000000001,0.8119999999999996
O=C1NCC(O)N1,[*]O,-1.3824000000000003,1.1017830389387122,O=C1NCCN1,1,organocatalyst,-0.7008000000000001,-0.6816000000000002
O=C[RhH]([P](C(F)(F)F)(C(F)(F)F)C(F)(F)F)([P](C(F)(F)F)(C(F)(F)F)C(F)(F)F)[P](C(F)(F)F)(C(F)(F)F)C(F)(F)F,[*]C(F)(F)F,11.538799999999998,1.2750044423789648,O=C[Rh]([PH3])([PH3])([PH3])[H],9,metal_catalyst,-0.3699999999999999,1.3231999999999997
O=C[RhH]([P](C12CC3CC(CC(C3)C1)C2)(C12CC3CC(CC(C3)C1)C2)C12CC3CC(CC(C3)C1)C2)([P](C12CC3CC(CC(C3)C1)C2)(C12CC3CC(CC(C3)C1)C2)C12CC3CC(CC(C3)C1)C2)[P](C12CC3CC(CC(C3)C1)C2)(C12CC3CC(CC(C3)C1)C2)C12CC3CC(CC(C3)C1)C2,[*]C12CC3CC(CC(C2)C3)C1,24.57980000000003,1.5085301875220714,O=C[Rh]([PH3])([PH3])([PH3])[H],9,metal_catalyst,-0.3699999999999999,2.7722000000000033
O=C[RhH]([P](C1=CC=CC=C1)(C1=CC=CC=C1)C1=CC=CC=C1)([P](C1=CC=CC=C1)(C1=CC=CC=C1)C1=CC=CC=C1)[P](C1=CC=CC=C1)(C1=CC=CC=C1)C1=CC=CC=C1,[*]c1ccccc1,9.7901,1.2158255506687503,O=C[Rh]([PH3])([PH3])([PH3])[H],9,metal_catalyst,-0.3699999999999999,1.1289
O=C[RhH]([P](C1=CC=NC=C1)(C1=CC=NC=C1)C1=CC=NC=C1)([P](C1=CC=NC=C1)(C1=CC=NC=C1)C1=CC=NC=C1)[P](C1=CC=NC=C1)(C1=CC=NC=C1)C1=CC=NC=C1,[*]c1ccncc1,4.345100000000003,1.163992040996437,O=C[Rh]([PH3])([PH3])([PH3])[H],9,metal_catalyst,-0.3699999999999999,0.5239000000000004
O=C[RhH]([P](C1CCC2(CCCC2)CC1)(C1CCC2(CCCC2)CC1)C1CCC2(CCCC2)CC1)([P](C1CCC2(CCCC2)CC1)(C1CCC2(CCCC2)CC1)C1CCC2(CCCC2)CC1)[P](C1CCC2(CCCC2)CC1)(C1CCC2(CCCC2)CC1)C1CCC2(CCCC2)CC1,[*]C1CCC2(CCCC2)CC1,29.387600000000084,1.7482960883158727,O=C[Rh]([PH3])([PH3])([PH3])[H],9,metal_catalyst,-0.3699999999999999,3.3064000000000093
O=C[RhH]([P](C1CCCCC1)(C1CCCCC1)C1CCCCC1)([P](C1CCCCC1)(C1CCCCC1)C1CCCCC1)[P](C1CCCCC1)(C1CCCCC1)C1CCCCC1,[*]C1CCCCC1,18.854899999999983,1.3882038089729516,O=C[Rh]([PH3])([PH3])([PH3])[H],9,metal_catalyst,-0.3699999999999999,2.136099999999998
O=C[RhH]([P](C1CCCCCCC1)(C1CCCCCCC1)C1CCCCCCC1)([P](C1CCCCCCC1)(C1CCCCCCC1)C1CCCCCCC1)[P](C1CCCCCCC1)(C1CCCCCCC1)C1CCCCCCC1,[*]C1CCCCCCC1,25.87670000000005,1.4732920526290236,O=C[Rh]([PH3])([PH3])([PH3])[H],9,metal_catalyst,-0.3699999999999999,2.9163000000000054
O=C[RhH]([P](C1CCCCCCCCC1)(C1CCCCCCCCC1)C1CCCCCCCCC1)([P](C1CCCCCCCCC1)(C1CCCCCCCCC1)C1CCCCCCCCC1)[P](C1CCCCCCCCC1)(C1CCCCCCCCC1)C1CCCCCCCCC1,[*]C1CCCCCCCCC1,32.8985000000001,1.6584646010471105,O=C[Rh]([PH3])([PH3])([PH3])[H],9,metal_catalyst,-0.3699999999999999,3.6965000000000106
O=C[RhH]([P](N1CCCCC1)(N1CCCCC1)N1CCCCC1)([P](N1CCCCC1)(N1CCCCC1)N1CCCCC1)[P](N1CCCCC1)(N1CCCCC1)N1CCCCC1,[*]N1CCCCC1,10.468699999999997,1.2894614376037057,O=C[Rh]([PH3])([PH3])([PH3])[H],9,metal_catalyst,-0.3699999999999999,1.2042999999999995
O=C[RhH]([P](O)(O)O)([P](O)(O)O)[P](O)(O)O,[*]O,-2.9737000000000005,1.1349705714435476,O=C[Rh]([PH3])([PH3])([PH3])[H],9,metal_catalyst,-0.3699999999999999,-0.2893000000000001
O=[C][Co]([C]=O)([C]=O)[P](C(F)(F)F)(C(F)(F)F)C(F)(F)F,[*]C(F)(F)F,2.8339,0.9881561887832148,O=[C][Co]([PH3])([C]=O)[C]=O,3,metal_catalyst,-1.1357000000000002,1.3232
O=[C][Co]([C]=O)([C]=O)[P](C12CC3CC(CC(C3)C1)C2)(C12CC3CC(CC(C3)C1)C2)C12CC3CC(CC(C3)C1)C2,[*]C12CC3CC(CC(C2)C3)C1,7.180900000000009,0.9964275839833642,O=[C][Co]([PH3])([C]=O)[C]=O,3,metal_catalyst,-1.1357000000000002,2.7722000000000033
O=[C][Co]([C]=O)([C]=O)[P](C1=CC=CC=C1)(C1=CC=CC=C1)C1=CC=CC=C1,[*]c1ccccc1,2.2510000000000003,0.8973572601758493,O=[C][Co]([PH3])([C]=O)[C]=O,3,metal_catalyst,-1.1357000000000002,1.1289
O=[C][Co]([C]=O)([C]=O)[P](C1=CC=NC=C1)(C1=CC=NC=C1)C1=CC=NC=C1,[*]c1ccncc1,0.4359999999999995,0.8761038347058773,O=[C][Co]([PH3])([C]=O)[C]=O,3,metal_catalyst,-1.1357000000000002,0.5238999999999999
O=[C][Co]([C]=O)([C]=O)[P](C1CCC(C(F)(F)F)CC1)(C1CCC(C(F)(F)F)CC1)C1CCC(C(F)(F)F)CC1,[*]C(F)(F)F,7.637800000000006,1.0846163514287661,O=[C][Co]([C]=O)([P](C1CCCCC1)(C2CCCCC2)C3CCCCC3)[C]=O,3,metal_catalyst,5.272600000000005,0.7884000000000002
O=[C][Co]([C]=O)([C]=O)[P](C1CCC(C23CC4CC(CC(C4)C2)C3)CC1)(C1CCC(C23CC4CC(CC(C4)C2)C3)CC1)C1CCC(C23CC4CC(CC(C4)C2)C3)CC1,[*]C12CC3CC(CC(C2)C3)C1,12.600099999999982,2.2587585471507152,O=[C][Co]([C]=O)([P](C1CCCCC1)(C2CCCCC2)C3CCCCC3)[C]=O,3,metal_catalyst,5.272600000000005,2.4424999999999923
O=[C][Co]([C]=O)([C]=O)[P](C1CCC(C2=CC=CC=C2)CC1)(C1CCC(C2=CC=CC=C2)CC1)C1CCC(C2=CC=CC=C2)CC1,[*]c1ccccc1,9.4537,1.1259376680513675,O=[C][Co]([C]=O)([P](C1CCCCC1)(C2CCCCC2)C3CCCCC3)[C]=O,3,metal_catalyst,5.272600000000005,1.3936999999999982
O=[C][Co]([C]=O)([C]=O)[P](C1CCC(C2=CC=NC=C2)CC1)(C1CCC(C2=CC=NC=C2)CC1)C1CCC(C2=CC=NC=C2)CC1,[*]c1ccncc1,7.638700000000009,1.103073984161787,O=[C][Co]([C]=O)([P](C1CCCCC1)(C2CCCCC2)C3CCCCC3)[C]=O,3,metal_catalyst,5.272600000000005,0.7887000000000013
O=[C][Co]([C]=O)([C]=O)[P](C1CCC(C2CCC3(CCCC3)CC2)CC1)(C1CCC(C2CCC3(CCCC3)CC2)CC1)C1CCC(C2CCC3(CCCC3)CC2)CC1,[*]C1CCC2(CCCC2)CC1,14.202699999999972,2.3594600494565996,O=[C][Co]([C]=O)([P](C1CCCCC1)(C2CCCCC2)C3CCCCC3)[C]=O,3,metal_catalyst,5.272600000000005,2.976699999999989
O=[C][Co]([C]=O)([C]=O)[P](C1CCC(C2CCCCC2)CC1)(C1CCC(C2CCCCC2)CC1)C1CCC(C2CCCCC2)CC1,[*]C1CCCCC1,10.691799999999994,1.2640350464200336,O=[C][Co]([C]=O)([P](C1CCCCC1)(C2CCCCC2)C3CCCCC3)[C]=O,3,metal_catalyst,5.272600000000005,1.8063999999999962
O=[C][Co]([C]=O)([C]=O)[P](C1CCC(C2CCCCCCC2)CC1)(C1CCC(C2CCCCCCC2)CC1)C1CCC(C2CCCCCCC2)CC1,[*]C1CCCCCCC1,13.032399999999978,2.2411667935928374,O=[C][Co]([C]=O)([P](C1CCCCC1)(C2CCCCC2)C3CCCCC3)[C]=O,3,metal_catalyst,5.272600000000005,2.586599999999991
O=[C][Co]([C]=O)([C]=O)[P](C1CCC(C2CCCCCCCCC2)CC1)(C1CCC(C2CCCCCCCCC2)CC1)C1CCC(C2CCCCCCCCC2)CC1,[*]C1CCCCCCCCC1,15.372999999999964,2.3486668100515367,O=[C][Co]([C]=O)([P](C1CCCCC1)(C2CCCCC2)C3CCCCC3)[C]=O,3,metal_catalyst,5.272600000000005,3.366799999999986
O=[C][Co]([C]=O)([C]=O)[P](C1CCC(N2CCCCC2)CC1)(C1CCC(N2CCCCC2)CC1)C1CCC(N2CCCCC2)CC1,[*]N1CCCCC1,6.665800000000008,1.1714637683241682,O=[C][Co]([C]=O)([P](C1CCCCC1)(C2CCCCC2)C3CCCCC3)[C]=O,3,metal_catalyst,5.272600000000005,0.464400000000001
O=[C][Co]([C]=O)([C]=O)[P](C1CCC(O)CC1)(C1CCC(O)CC1)C1CCC(O)CC1,[*]O,2.185,0.9572519549313611,O=[C][Co]([C]=O)([P](C1CCCCC1)(C2CCCCC2)C3CCCCC3)[C]=O,3,metal_catalyst,5.272600000000005,-1.0292000000000017
O=[C][Co]([C]=O)([C]=O)[P](C1CCC2(CCCC2)CC1)(C1CCC2(CCCC2)CC1)C1CCC2(CCCC2)CC1,[*]C1CCC2(CCCC2)CC1,8.783500000000004,1.0827449445952584,O=[C][Co]([PH3])([C]=O)[C]=O,3,metal_catalyst,-1.1357000000000002,3.3064000000000013
O=[C][Co]([C]=O)([C]=O)[P](C1CCCCC1)(C1CCCCC1)C1CCCCC1,[*]C1CCCCC1,5.272600000000006,0.9063093525059017,O=[C][Co]([PH3])([C]=O)[C]=O,3,metal_catalyst,-1.1357000000000002,2.136100000000002
O=[C][Co]([C]=O)([C]=O)[P](C1CCCCCCC1)(C1CCCCCCC1)C1CCCCCCC1,[*]C1CCCCCCC1,7.613200000000009,0.9676897198864396,O=[C][Co]([PH3])([C]=O)[C]=O,3,metal_catalyst,-1.1357000000000002,2.9163000000000032
O=[C][Co]([C]=O)([C]=O)[P](C1CCCCCCCCC1)(C1CCCCCCCCC1)C1CCCCCCCCC1,[*]C1CCCCCCCCC1,9.953799999999998,1.0681797408582876,O=[C][Co]([PH3])([C]=O)[C]=O,3,metal_catalyst,-1.1357000000000002,3.696499999999999
O=[C][Co]([C]=O)([C]=O)[P](N1CCCCC1)(N1CCCCC1)N1CCCCC1,[*]N1CCCCC1,2.4772000000000007,0.9084221865420834,O=[C][Co]([PH3])([C]=O)[C]=O,3,metal_catalyst,-1.1357000000000002,1.2043000000000001
O=[C][Co]([C]=O)([C]=O)[P](O)(O)O,[*]O,-2.0036,1.1544330247073187,O=[C][Co]([PH3])([C]=O)[C]=O,3,metal_catalyst,-1.1357000000000002,-0.28929999999999995
OC1=C(C2=C3C=CC=CC3=CC(C(F)(F)F)=C2O)C2=C(C=CC=C2)C=C1C(F)(F)F,[*]C(F)(F)F,7.108800000000004,1.1379558821166846,Oc(cc1)c(c2c(O)ccc3c2cccc3)c4c1cccc4,2,organocatalyst,5.071200000000003,1.0188000000000006
OC1=C(C2=C3C=CC=CC3=CC(C34CC5CC(CC(C5)C3)C4)=C2O)C2=C(C=CC=C2)C=C1C12CC3CC(CC(C3)C1)C2,[*]C12CC3CC(CC(C2)C3)C1,10.006799999999997,1.4004333693302429,Oc(cc1)c(c2c(O)ccc3c2cccc3)c4c1cccc4,2,organocatalyst,5.071200000000003,2.467799999999997
OC1=C(C2=C3C=CC=CC3=CC(C3=CC=CC=C3)=C2O)C2=C(C=CC=C2)C=C1C1=CC=CC=C1,[*]c1ccccc1,8.405200000000004,1.1794281516863168,Oc(cc1)c(c2c(O)ccc3c2cccc3)c4c1cccc4,2,organocatalyst,5.071200000000003,1.6670000000000007
OC1=C(C2=C3C=CC=CC3=CC(C3=CC=NC=C3)=C2O)C2=C(C=CC=C2)C=C1C1=CC=NC=C1,[*]c1ccncc1,7.195200000000006,1.1937833784277063,Oc(cc1)c(c2c(O)ccc3c2cccc3)c4c1cccc4,2,organocatalyst,5.071200000000003,1.0620000000000016
OC1=C(C2=C3C=CC=CC3=CC(C3CCC4(CCCC4)CC3)=C2O)C2=C(C=CC=C2)C=C1C1CCC2(CCCC2)CC1,[*]C1CCC2(CCCC2)CC1,11.50719999999998,1.3234059863871788,Oc(cc1)c(c2c(O)ccc3c2cccc3)c4c1cccc4,2,organocatalyst,5.071200000000003,3.2179999999999884
OC1=C(C2=C3C=CC=CC3=CC(C3CCCCC3)=C2O)C2=C(C=CC=C2)C=C1C1CCCCC1,[*]C1CCCCC1,9.1666,1.2127515264322883,Oc(cc1)c(c2c(O)ccc3c2cccc3)c4c1cccc4,2,organocatalyst,5.071200000000003,2.047699999999999
OC1=C(C2=C3C=CC=CC3=CC(C3CCCCCCC3)=C2O)C2=C(C=CC=C2)C=C1C1CCCCCCC1,[*]C1CCCCCCC1,10.726999999999986,1.2607229493066727,Oc(cc1)c(c2c(O)ccc3c2cccc3)c4c1cccc4,2,organocatalyst,5.071200000000003,2.8278999999999916
OC1=C(C2=C3C=CC=CC3=CC(C3CCCCCCCCC3)=C2O)C2=C(C=CC=C2)C=C1C1CCCCCCCCC1,[*]C1CCCCCCCCC1,12.287399999999977,1.304862630076369,Oc(cc1)c(c2c(O)ccc3c2cccc3)c4c1cccc4,2,organocatalyst,5.071200000000003,3.608099999999987
OC1=C(C2=C3C=CC=CC3=CC(N3CCCCC3)=C2O)C2=C(C=CC=C2)C=C1N1CCCCC1,[*]N1CCCCC1,7.051800000000006,1.2123531531563942,Oc(cc1)c(c2c(O)ccc3c2cccc3)c4c1cccc4,2,organocatalyst,5.071200000000003,0.9903000000000017
OC1=C2C=C(C(F)(F)F)C=C1CC1=C(O)C(=CC(C(F)(F)F)=C1)CC1=C(O)C(=CC(C(F)(F)F)=C1)CC1=CC(C(F)(F)F)=CC(=C1O)C2,[*]C(F)(F)F,9.260799999999993,1.1217101744229434,Oc1c(Cc2cccc(C3)c2O)cccc1Cc4c(O)c(Cc5c(O)c3ccc5)ccc4,4,organocatalyst,5.185600000000006,1.0187999999999966
OC1=C2C=C(C34CC5CC(CC(C5)C3)C4)C=C1CC1=C(O)C(=CC(C34CC5CC(CC(C5)C3)C4)=C1)CC1=C(O)C(=CC(C34CC5CC(CC(C5)C3)C4)=C1)CC1=CC(C34CC5CC(CC(C5)C3)C4)=CC(=C1O)C2,[*]C12CC3CC(CC(C2)C3)C1,15.056799999999962,1.2309658700833968,Oc1c(Cc2cccc(C3)c2O)cccc1Cc4c(O)c(Cc5c(O)c3ccc5)ccc4,4,organocatalyst,5.185600000000006,2.467799999999989
OC1=C2C=C(C3=CC=CC=C3)C=C1CC1=C(O)C(=CC(C3=CC=CC=C3)=C1)CC1=C(O)C(=CC(C3=CC=CC=C3)=C1)CC1=CC(C3=CC=CC=C3)=CC(=C1O)C2,[*]c1ccccc1,11.85359999999998,1.1620051958563853,Oc1c(Cc2cccc(C3)c2O)cccc1Cc4c(O)c(Cc5c(O)c3ccc5)ccc4,4,organocatalyst,5.185600000000006,1.6669999999999936
OC1=C2C=C(C3=CC=NC=C3)C=C1CC1=C(O)C(=CC(C3=CC=NC=C3)=C1)CC1=C(O)C(=CC(C3=CC=NC=C3)=C1)CC1=CC(C3=CC=NC=C3)=CC(=C1O)C2,[*]c1ccncc1,9.433599999999998,1.1596579565471856,Oc1c(Cc2cccc(C3)c2O)cccc1Cc4c(O)c(Cc5c(O)c3ccc5)ccc4,4,organocatalyst,5.185600000000006,1.061999999999998
OC1=C2C=C(C3CCC4(CCCC4)CC3)C=C1CC1=C(O)C(=CC(C3CCC4(CCCC4)CC3)=C1)CC1=C(O)C(=CC(C3CCC4(CCCC4)CC3)=C1)CC1=CC(C3CCC4(CCCC4)CC3)=CC(=C1O)C2,[*]C1CCC2(CCCC2)CC1,18.05759999999997,1.2032637522302234,Oc1c(Cc2cccc(C3)c2O)cccc1Cc4c(O)c(Cc5c(O)c3ccc5)ccc4,4,organocatalyst,5.185600000000006,3.2179999999999906
OC1=C2C=C(C3CCCCC3)C=C1CC1=C(O)C(=CC(C3CCCCC3)=C1)CC1=C(O)C(=CC(C3CCCCC3)=C1)CC1=CC(C3CCCCC3)=CC(=C1O)C2,[*]C1CCCCC1,13.37639999999997,1.1551842878740668,Oc1c(Cc2cccc(C3)c2O)cccc1Cc4c(O)c(Cc5c(O)c3ccc5)ccc4,4,organocatalyst,5.185600000000006,2.047699999999991
OC1=C2C=C(C3CCCCCCC3)C=C1CC1=C(O)C(=CC(C3CCCCCCC3)=C1)CC1=C(O)C(=CC(C3CCCCCCC3)=C1)CC1=CC(C3CCCCCCC3)=CC(=C1O)C2,[*]C1CCCCCCC1,16.497199999999957,1.1722065970420106,Oc1c(Cc2cccc(C3)c2O)cccc1Cc4c(O)c(Cc5c(O)c3ccc5)ccc4,4,organocatalyst,5.185600000000006,2.8278999999999876
OC1=C2C=C(C3CCCCCCCCC3)C=C1CC1=C(O)C(=CC(C3CCCCCCCCC3)=C1)CC1=C(O)C(=CC(C3CCCCCCCCC3)=C1)CC1=CC(C3CCCCCCCCC3)=CC(=C1O)C2,[*]C1CCCCCCCCC1,19.61799999999999,1.1925853825198274,Oc1c(Cc2cccc(C3)c2O)cccc1Cc4c(O)c(Cc5c(O)c3ccc5)ccc4,4,organocatalyst,5.185600000000006,3.6080999999999963
OC1=C2C=C(N3CCCCC3)C=C1CC1=C(O)C(=CC(N3CCCCC3)=C1)CC1=C(O)C(=CC(N3CCCCC3)=C1)CC1=CC(N3CCCCC3)=CC(=C1O)C2,[*]N1CCCCC1,9.146800000000002,1.1366083594116274,Oc1c(Cc2cccc(C3)c2O)cccc1Cc4c(O)c(Cc5c(O)c3ccc5)ccc4,4,organocatalyst,5.185600000000006,0.9902999999999991
OC1=CC2=C(C=CC=C2)C(C2=C3C=CC=CC3=CC(O)=C2O)=C1O,[*]O,4.4824000000000055,1.1064452123194564,Oc(cc1)c(c2c(O)ccc3c2cccc3)c4c1cccc4,2,organocatalyst,5.071200000000003,-0.29439999999999866
OC1=CC2=C(O)C(=C1)CC1=C(O)C(=CC(O)=C1)CC1=CC(O)=CC(=C1O)CC1=C(O)C(=CC(O)=C1)C2,[*]O,4.008000000000001,1.0993939809797686,Oc1c(Cc2cccc(C3)c2O)cccc1Cc4c(O)c(Cc5c(O)c3ccc5)ccc4,4,organocatalyst,5.185600000000006,-0.2944000000000013
OC1=CC=C([P]([Pd][P](C2=CC=C(O)C=C2)(C2=CC=C(O)C=C2)C2=CC=C(O)C=C2)(C2=CC=C(O)C=C2)C2=CC=C(O)C=C2)C=C1,[*]O,5.120700000000007,1.0378788382388773,c1([P](c2ccccc2)([Pd][P](c3ccccc3)(c4ccccc4)c5ccccc5)c6ccccc6)ccccc1,6,metal_catalyst,6.8871000000000056,-0.2943999999999997
OC1=CC=C2C(=C1)[Ir]13(<-N4=CC=CC=C24)(<-N2=C(C=CC=C2)C2=CC=C(O)C=C21)<-N1=C(C=CC=C1)C1=CC=C(O)C=C13,[*]O,4.883900000000006,1.0391206567544329,C(C=C12)=CC=C1C(C=CC=C3)=[N]3[Ir]452([N]6=C(C=CC=C6)C7=CC=CC=C75)[N](C=CC=C8)=C8C9=CC=CC=C94,3,metal_catalyst,5.7671000000000054,-0.29439999999999983
OC1=CC=NC=C1,[*]O,0.7871999999999999,1.3269669339065073,c1cccnc1,1,organocatalyst,1.0816,-0.2944
O[P](O)(O)[Ru](Cl)(Cl)(=CC1=CC=CC=C1)[P](O)(O)O,[*]O,1.1431,1.1183488073813475,Cl[Ru](Cl)([PH3])([PH3])=Cc1ccccc1,6,metal_catalyst,2.8789000000000025,-0.2893000000000004
